ID,y
1,81.8233413696289
2,99.16595458984375
3,81.07063293457031
4,78.53681945800781
5,113.02981567382812
8,92.73216247558594
10,110.31925201416016
11,94.53897094726562
12,114.57820892333984
14,95.00537109375
15,115.67271423339844
16,105.35775756835938
17,94.81963348388672
19,94.99659729003906
20,104.54219055175781
21,95.44437408447266
22,115.7271728515625
23,94.85562896728516
26,94.71165466308594
28,94.98736572265625
29,94.85562896728516
33,94.85562896728516
35,94.95763397216797
41,94.81963348388672
42,94.3650894165039
43,114.81819152832031
45,102.83517456054688
46,102.81431579589844
51,94.30650329589844
53,80.23800659179688
55,112.24296569824219
56,94.28252410888672
57,103.94637298583984
58,94.97539520263672
59,103.25932312011719
63,111.71775817871094
64,94.32614135742188
65,104.7005615234375
69,94.97781372070312
71,94.99769592285156
72,104.04319763183594
73,95.00692749023438
76,102.95250701904297
77,104.1717529296875
78,114.79949951171875
82,94.4267578125
83,104.7005615234375
84,94.30840301513672
85,103.80072784423828
87,111.92784118652344
88,94.81963348388672
89,112.79217529296875
91,94.95735168457031
93,94.98668670654297
94,103.85237884521484
95,94.43768310546875
96,111.6104965209961
97,94.47084045410156
98,112.03570556640625
99,94.94263458251953
101,104.04151916503906
103,112.79217529296875
104,94.05497741699219
105,111.7715072631836
110,95.23931884765625
111,112.2803726196289
113,112.2049789428711
114,94.09234619140625
115,112.65879821777344
117,112.79217529296875
120,94.70404815673828
121,112.04313659667969
122,94.41299438476562
123,112.13059997558594
126,112.11378479003906
132,111.96314239501953
135,104.33050537109375
137,104.47754669189453
138,94.4096908569336
140,94.36595153808594
142,113.0599136352539
144,112.015380859375
148,94.44458770751953
149,112.3598861694336
155,94.3104476928711
156,112.24976348876953
157,94.47084045410156
162,112.16201782226562
163,94.97737884521484
167,94.63751983642578
172,114.81819152832031
179,112.19771575927734
180,94.6182632446289
181,111.36038208007812
182,94.77032470703125
183,112.79217529296875
185,112.79217529296875
187,111.3917007446289
188,94.4267578125
189,94.30650329589844
191,94.06281280517578
192,112.1133804321289
193,94.63578033447266
194,112.3545913696289
195,94.06281280517578
196,112.74668884277344
198,94.92399597167969
199,112.17566680908203
201,104.51566314697266
204,94.94651794433594
205,105.4014892578125
206,94.2728042602539
210,94.30840301513672
211,104.04151916503906
216,112.1780014038086
219,114.58853912353516
220,93.88721466064453
221,111.21084594726562
226,111.36038208007812
227,94.80496978759766
228,111.93167114257812
230,112.74591064453125
231,94.47084045410156
235,115.71449279785156
236,94.94263458251953
238,112.81217193603516
242,103.91201782226562
243,94.93997192382812
244,79.14730072021484
245,111.30280303955078
247,114.66011810302734
248,94.6878433227539
249,94.70269775390625
250,111.83873748779297
251,94.94263458251953
253,115.71449279785156
254,94.72850799560547
256,94.37770080566406
257,94.56452178955078
258,112.17958068847656
259,94.94263458251953
262,81.39344787597656
266,94.45108795166016
267,113.17027282714844
272,103.85932922363281
273,112.79217529296875
275,94.71720886230469
276,112.7878646850586
279,95.12592315673828
280,104.7005615234375
283,94.66409301757812
285,112.07750701904297
288,112.79217529296875
289,94.34757232666016
290,104.51959991455078
291,94.98780822753906
292,111.938720703125
293,111.57368469238281
296,94.42443084716797
297,112.03192901611328
298,114.79949951171875
299,94.4267578125
304,93.99028015136719
305,90.05908203125
306,94.19400024414062
307,111.31999969482422
311,107.06494140625
313,111.69754028320312
314,94.06281280517578
316,94.82642364501953
324,94.1994400024414
327,94.46572875976562
329,94.02330017089844
330,111.94580841064453
337,104.37812042236328
338,94.41101837158203
339,104.76126861572266
340,94.6409912109375
343,94.87470245361328
345,115.67271423339844
346,94.65338134765625
347,113.64834594726562
349,112.45902252197266
350,94.26605987548828
352,112.10902404785156
353,94.06169891357422
354,79.34265899658203
357,94.16583251953125
358,112.3045654296875
362,113.39799499511719
364,114.19401550292969
365,103.38288116455078
366,94.78678894042969
367,111.97544860839844
368,94.605224609375
370,79.51374816894531
373,94.97539520263672
377,94.05323028564453
378,111.45216369628906
382,102.93762969970703
384,111.93167114257812
390,94.33514404296875
392,112.11982727050781
393,111.36388397216797
395,94.48407745361328
396,104.35608673095703
399,79.07235717773438
406,111.69754028320312
408,111.69754028320312
409,94.4029769897461
410,80.88862609863281
412,112.59222412109375
413,94.48735809326172
419,94.35694885253906
420,112.2101821899414
421,94.48735809326172
430,102.8740234375
434,94.30650329589844
436,94.95950317382812
437,94.36595153808594
438,94.75546264648438
439,112.85247039794922
440,94.94263458251953
443,112.90754699707031
446,94.78880310058594
448,94.76522064208984
452,94.6201400756836
453,103.82337951660156
457,104.47464752197266
458,94.29815673828125
459,112.85836791992188
460,103.7579116821289
462,105.56926727294922
464,104.00395965576172
465,114.57820892333984
467,114.276123046875
471,112.03527069091797
472,79.17768859863281
473,94.24400329589844
475,94.4358139038086
480,94.96817016601562
488,112.85073852539062
490,111.31999969482422
491,104.06669616699219
492,79.51533508300781
493,94.29696655273438
497,94.09912872314453
498,112.06356048583984
499,94.9496078491211
500,102.84583282470703
501,94.29815673828125
502,113.44812774658203
506,80.23800659179688
510,111.52433013916016
511,94.14257049560547
512,94.04185485839844
516,94.71011352539062
518,94.01889038085938
519,113.74555969238281
521,93.99502563476562
522,112.26252746582031
526,111.98149871826172
529,94.15562438964844
532,112.0846939086914
533,94.23524475097656
536,113.01754760742188
537,102.30713653564453
539,94.99734497070312
540,104.05814361572266
541,94.28841400146484
543,94.30650329589844
546,112.27569580078125
547,94.83895874023438
548,79.57965850830078
551,94.29696655273438
552,103.7455062866211
556,105.12750244140625
557,94.97322082519531
558,111.97544860839844
559,94.9975357055664
560,105.4906005859375
562,105.87420654296875
566,94.89420318603516
570,112.06356048583984
571,94.36595153808594
572,104.7005615234375
573,94.4267578125
575,114.57820892333984
576,111.8476791381836
577,94.20861053466797
579,94.07044982910156
580,113.62722778320312
581,111.94366455078125
589,111.31999969482422
591,102.65504455566406
593,94.40763854980469
594,103.95933532714844
595,94.65310668945312
598,94.16583251953125
602,112.1303482055664
604,112.09046936035156
606,112.41006469726562
608,94.78678894042969
609,104.05814361572266
610,94.30650329589844
616,112.8665771484375
617,94.83477020263672
618,102.72637176513672
620,103.74928283691406
622,111.67867279052734
623,94.43257904052734
624,112.28775787353516
626,111.89537048339844
628,111.90269470214844
629,94.12786865234375
630,112.79617309570312
637,95.22210693359375
638,104.40470123291016
643,94.57849884033203
645,94.96817016601562
646,114.53260040283203
648,94.99134063720703
652,94.8547592163086
653,94.36595153808594
654,112.06356048583984
656,112.06575775146484
657,94.34326934814453
659,94.36234283447266
660,103.84341430664062
663,94.00960540771484
664,112.08834838867188
666,103.74982452392578
668,111.84931182861328
669,94.1545639038086
671,95.16878509521484
675,94.70269775390625
677,94.94263458251953
678,111.68946838378906
679,104.44170379638672
682,94.97600555419922
685,103.98648834228516
687,94.2772445678711
688,94.0434799194336
693,111.27511596679688
696,94.45513153076172
698,94.98033142089844
701,94.25535583496094
704,104.66323852539062
705,115.7003173828125
709,111.96917724609375
710,94.79202270507812
711,104.07486724853516
712,94.97600555419922
714,111.95105743408203
715,94.68614196777344
716,111.30831909179688
717,94.41183471679688
720,115.67271423339844
721,94.04730224609375
724,123.0240478515625
725,94.93096923828125
726,113.0121078491211
728,112.04873657226562
731,94.69621276855469
734,103.90221405029297
738,94.34857177734375
745,111.9340591430664
746,94.20906829833984
751,79.2867660522461
754,94.89530944824219
756,94.6866683959961
758,94.26774597167969
759,112.44871520996094
761,115.65023803710938
766,94.28189086914062
767,112.03836822509766
768,94.43257904052734
769,114.15745544433594
770,95.234619140625
771,79.51533508300781
772,104.2203140258789
773,94.29696655273438
774,111.8202133178711
776,111.93167114257812
777,94.1949234008789
780,115.68803405761719
782,104.07430267333984
787,103.58772277832031
788,94.99734497070312
792,94.42317962646484
793,112.30924224853516
798,95.3065185546875
800,94.72921752929688
806,111.30831909179688
809,111.94834899902344
811,114.82505798339844
812,93.82449340820312
814,114.57820892333984
816,103.78146362304688
817,94.96817016601562
818,108.58391571044922
820,114.51518249511719
823,94.29815673828125
829,94.07044982910156
830,112.65133666992188
831,94.4062271118164
834,111.77644348144531
839,94.3683090209961
841,80.00628662109375
844,104.07430267333984
845,94.29692077636719
848,93.98714447021484
850,95.22602844238281
851,103.76166534423828
852,94.09404754638672
854,94.80624389648438
855,95.0711898803711
856,103.68925476074219
859,103.93614959716797
861,111.8202133178711
864,94.96175384521484
865,111.81031036376953
866,94.64845275878906
867,94.3459243774414
869,94.96817016601562
871,94.06169891357422
872,111.30831909179688
882,103.79798889160156
883,94.30650329589844
885,94.96817016601562
888,94.46572875976562
893,111.34541320800781
901,111.677734375
903,104.07430267333984
904,94.93644714355469
905,103.95545196533203
910,94.97600555419922
911,112.0167236328125
914,112.08270263671875
918,114.03826141357422
921,94.42317962646484
928,94.31124877929688
929,104.02452850341797
932,94.26419830322266
933,104.03880310058594
934,94.97600555419922
935,112.09862518310547
937,79.96197509765625
939,94.4267578125
940,103.2767105102539
941,94.29696655273438
942,103.78616333007812
943,94.84957122802734
944,103.78367614746094
947,111.30831909179688
949,111.97312927246094
951,112.04609680175781
952,94.973876953125
953,104.07430267333984
954,78.80548095703125
957,111.93167114257812
959,94.43257904052734
960,113.60055541992188
963,114.57820892333984
965,111.30831909179688
967,103.75077819824219
971,94.30854797363281
972,79.22467041015625
973,94.93484497070312
974,111.94157409667969
975,96.10762786865234
978,115.65157318115234
980,112.02497100830078
981,94.93644714355469
984,112.97906494140625
986,94.97600555419922
988,94.43257904052734
989,112.00550842285156
990,104.21736145019531
992,111.677734375
996,94.36595153808594
999,112.65487670898438
1000,94.381591796875
1001,111.81031036376953
1002,94.45172119140625
1003,111.93167114257812
1004,94.49290466308594
1008,111.93377685546875
1009,94.12376403808594
1010,104.5419921875
1012,113.64600372314453
1013,94.11367797851562
1014,114.64920043945312
1015,94.06169891357422
1016,115.68534851074219
1019,94.2091293334961
1020,112.78192138671875
1021,94.97600555419922
1022,104.36198425292969
1024,94.97600555419922
1025,79.52256774902344
1027,94.93236541748047
1028,104.09971618652344
1029,94.1617431640625
1030,94.86378479003906
1033,112.01873779296875
1036,94.90762329101562
1037,111.83849334716797
1038,94.47993469238281
1042,94.4267578125
1043,103.95565795898438
1044,94.381591796875
1045,111.69930267333984
1047,113.67417907714844
1050,94.29692077636719
1051,111.29335021972656
1054,94.29815673828125
1056,94.93644714355469
1057,94.29692077636719
1059,94.63126373291016
1062,104.27155303955078
1063,104.72672271728516
1064,94.93644714355469
1066,94.42448425292969
1070,104.03478240966797
1076,111.69280242919922
1077,103.62615966796875
1078,111.81893920898438
1080,112.34551239013672
1082,111.652099609375
1083,94.46572875976562
1089,111.23429107666016
1091,94.46572875976562
1093,94.36231994628906
1097,94.83477020263672
1099,94.26095581054688
1101,94.97600555419922
1103,96.10762786865234
1104,111.84174346923828
1106,111.76336669921875
1109,94.13178253173828
1110,111.93412780761719
1111,95.1153335571289
1112,112.0323715209961
1114,94.29265594482422
1116,94.4276351928711
1117,112.03274536132812
1120,94.70404815673828
1124,111.96144104003906
1125,94.0933837890625
1126,111.89518737792969
1134,111.62055969238281
1137,94.71056365966797
1138,111.91927337646484
1144,111.3261489868164
1145,94.65310668945312
1146,94.04730224609375
1148,96.10762786865234
1150,94.70404815673828
1152,104.07430267333984
1153,95.00537109375
1154,103.55403900146484
1155,94.4267578125
1157,94.04570770263672
1162,94.4267578125
1165,112.015380859375
1166,94.1871566772461
1167,104.3938217163086
1168,94.97600555419922
1169,103.93614959716797
1171,115.7271728515625
1172,94.97061920166016
1173,103.93614959716797
1174,94.29696655273438
1176,94.93951416015625
1177,103.66207885742188
1178,94.16583251953125
1182,112.09466552734375
1186,94.96817016601562
1187,112.29551696777344
1188,94.70269775390625
1189,115.69347381591797
1191,107.16165924072266
1192,94.42040252685547
1197,111.49596405029297
1198,93.90792846679688
1200,79.2829818725586
1201,94.6240005493164
1203,94.9427261352539
1209,114.57820892333984
1214,104.12966918945312
1218,111.41659545898438
1222,94.83935546875
1226,95.11412048339844
1228,94.36746978759766
1230,94.00756072998047
1232,79.30303955078125
1233,96.19725036621094
1236,113.59435272216797
1238,94.82438659667969
1241,111.3261489868164
1244,104.65934753417969
1246,94.91448211669922
1247,112.01976776123047
1250,112.34681701660156
1251,94.09234619140625
1254,114.16454315185547
1255,94.93472290039062
1256,110.98609161376953
1257,94.21348571777344
1258,94.2687759399414
1259,111.60310363769531
1260,94.96817016601562
1263,111.3261489868164
1267,79.57110595703125
1268,111.07544708251953
1271,94.42040252685547
1272,111.34541320800781
1274,104.10407257080078
1275,94.4267578125
1276,111.29335021972656
1277,94.3277587890625
1279,94.04730224609375
1281,94.38867950439453
1282,94.70269775390625
1283,112.03634643554688
1285,112.8976821899414
1286,94.70269775390625
1289,111.8370132446289
1296,111.97806549072266
1299,94.70404815673828
1301,94.36595153808594
1306,94.6593246459961
1307,94.15323638916016
1308,94.70812225341797
1313,111.29335021972656
1314,94.66864013671875
1315,111.93412780761719
1316,94.11941528320312
1317,111.6285171508789
1319,93.97476196289062
1323,94.97600555419922
1324,103.81297302246094
1325,94.3730697631836
1328,104.79612731933594
1329,94.88520812988281
1330,111.76398468017578
1331,94.283447265625
1332,104.0190200805664
1337,95.00537109375
1338,111.43992614746094
1339,94.07846069335938
1340,111.90288543701172
1343,112.29108428955078
1347,104.1129150390625
1348,94.27413940429688
1349,104.053466796875
1352,94.04730224609375
1354,95.06472778320312
1359,112.12915802001953
1360,94.97600555419922
1363,112.01228332519531
1364,94.45513153076172
1365,103.37300872802734
1366,94.28718566894531
1372,94.95843505859375
1375,103.86858367919922
1376,94.26119995117188
1378,94.07552337646484
1379,113.69013977050781
1380,94.97600555419922
1381,103.93614959716797
1384,114.77357482910156
1387,94.70404815673828
1388,112.04833984375
1392,79.21929931640625
1394,104.90888977050781
1395,95.05620574951172
1396,112.37701416015625
1398,94.15316009521484
1399,112.37701416015625
1400,94.60872650146484
1401,93.85786437988281
1403,94.34052276611328
1404,111.5568618774414
1406,112.37701416015625
1407,94.27078247070312
1408,112.00562286376953
1410,79.55558776855469
1412,112.00562286376953
1413,94.80319213867188
1415,94.68315887451172
1420,112.00562286376953
1422,111.6672134399414
1423,108.76304626464844
1424,112.00562286376953
1425,94.96817016601562
1426,79.55558776855469
1427,94.9427261352539
1429,94.1557388305664
1430,113.65887451171875
1431,95.0711898803711
1432,103.57637786865234
1434,113.53238677978516
1437,94.96161651611328
1438,103.9654541015625
1440,112.21541595458984
1441,111.82424926757812
1442,94.16583251953125
1444,111.47628784179688
1445,94.66864013671875
1446,104.25279235839844
1448,94.11320495605469
1453,94.05824279785156
1454,112.00562286376953
1455,94.4034194946289
1456,111.8832015991211
1458,112.00562286376953
1459,94.37498474121094
1461,94.15501403808594
1465,94.70404815673828
1466,111.72315979003906
1469,94.97600555419922
1472,94.05824279785156
1474,97.64129638671875
1477,112.2304458618164
1479,112.60199737548828
1482,94.2455825805664
1483,79.29065704345703
1487,94.96817016601562
1488,111.63328552246094
1490,112.00394439697266
1492,112.56509399414062
1494,115.53428649902344
1496,103.97608947753906
1497,94.37539672851562
1499,94.96686553955078
1502,94.96175384521484
1507,111.52935028076172
1508,94.04730224609375
1509,112.7220230102539
1511,94.19355773925781
1512,112.03699493408203
1513,114.39458465576172
1514,103.57964324951172
1518,112.10724639892578
1519,94.46267700195312
1522,111.8852310180664
1524,79.2829818725586
1527,94.16583251953125
1529,94.64811706542969
1532,103.748291015625
1536,112.67166137695312
1537,114.57820892333984
1539,104.71755981445312
1542,115.4076919555664
1543,94.26119995117188
1544,103.82656860351562
1545,79.08724975585938
1550,94.27078247070312
1551,111.81326293945312
1554,106.34566497802734
1556,104.07430267333984
1559,94.21348571777344
1560,79.58993530273438
1562,95.09591674804688
1566,94.64811706542969
1567,111.90147399902344
1569,103.81583404541016
1570,112.11514282226562
1571,111.8032455444336
1574,94.04730224609375
1578,104.07430267333984
1580,94.68614196777344
1583,112.53971099853516
1584,94.04730224609375
1585,112.5457763671875
1586,94.90955352783203
1587,112.4190444946289
1588,94.42317962646484
1590,113.83917236328125
1592,103.34589385986328
1596,111.60552978515625
1598,111.43328857421875
1599,94.26119995117188
1604,115.18852996826172
1606,103.76944732666016
1607,94.80319213867188
1608,104.00064086914062
1609,115.76142120361328
1611,94.5850601196289
1613,95.0965576171875
1616,95.19198608398438
1619,111.77633666992188
1620,94.40147399902344
1621,111.97712707519531
1622,94.96244812011719
1625,111.53440856933594
1627,115.76142120361328
1629,112.47793579101562
1634,94.97755432128906
1636,94.29696655273438
1638,103.7938003540039
1639,94.29061126708984
1641,94.97162628173828
1643,95.05620574951172
1644,103.47224426269531
1645,116.41209411621094
1646,94.2726821899414
1647,106.91661071777344
1648,94.9278793334961
1652,94.68614196777344
1653,112.18173217773438
1656,94.54640197753906
1658,94.26119995117188
1659,113.03820037841797
1661,94.36482238769531
1663,94.80319213867188
1664,112.14151763916016
1665,94.4034194946289
1666,104.07430267333984
1667,103.93180084228516
1668,79.255126953125
1669,103.82657623291016
1670,95.04235076904297
1672,112.44454956054688
1674,114.8799057006836
1677,111.63328552246094
1678,94.85829162597656
1679,112.7557373046875
1680,95.21290588378906
1683,103.9044418334961
1686,104.08155822753906
1687,111.6672134399414
1689,112.17636108398438
1690,93.81401062011719
1691,115.51486206054688
1692,112.62120056152344
1693,94.04730224609375
1695,94.26119995117188
1696,94.05824279785156
1697,112.66065216064453
1700,104.07430267333984
1701,94.95843505859375
1702,112.45344543457031
1703,94.64811706542969
1704,112.76652526855469
1706,95.20068359375
1707,113.43516540527344
1708,94.94428253173828
1710,94.83477020263672
1711,103.71290588378906
1713,105.20149230957031
1717,103.75782775878906
1719,104.07430267333984
1720,94.37379455566406
1722,94.77283477783203
1725,103.25010681152344
1726,95.00701141357422
1727,104.31822967529297
1729,111.93475341796875
1730,94.68614196777344
1731,111.73902893066406
1733,104.07430267333984
1734,94.97755432128906
1735,111.6672134399414
1738,95.0965576171875
1742,94.94795989990234
1745,114.8799057006836
1747,94.95843505859375
1749,94.9496078491211
1751,94.94976806640625
1752,79.22257995605469
1753,106.96379089355469
1754,94.27203369140625
1755,94.93730926513672
1756,104.70486450195312
1758,112.82518768310547
1759,94.40655517578125
1760,104.52745819091797
1761,111.73558044433594
1762,94.15196990966797
1763,111.04161834716797
1764,90.77552795410156
1766,95.05474090576172
1768,94.30854797363281
1769,79.57110595703125
1771,112.02008819580078
1772,94.55525970458984
1773,103.71290588378906
1774,95.0630874633789
1775,111.9650650024414
1777,112.87330627441406
1779,94.40655517578125
1780,104.56536102294922
1787,94.64811706542969
1788,94.07335662841797
1790,94.9332046508789
1796,111.92071533203125
1801,94.59132385253906
1803,95.01653289794922
1807,112.00883483886719
1809,112.25094604492188
1812,94.381591796875
1813,112.8820571899414
1814,94.70983123779297
1815,111.9711685180664
1816,94.70549774169922
1818,93.79754638671875
1820,94.2838363647461
1821,113.4005126953125
1822,94.98070526123047
1825,95.04196166992188
1826,103.71290588378906
1828,94.9332046508789
1831,103.71930694580078
1836,111.39602661132812
1837,94.29696655273438
1841,97.64129638671875
1844,104.66239929199219
1848,94.2867660522461
1851,104.71755981445312
1852,94.46572875976562
1853,94.83673858642578
1854,111.69417572021484
1856,94.8626708984375
1859,112.14749145507812
1860,94.9417724609375
1861,79.31582641601562
1863,104.09971618652344
1865,94.29696655273438
1866,104.91520690917969
1867,95.05620574951172
1868,94.64811706542969
1872,94.38947296142578
1879,94.99151611328125
1880,103.75205993652344
1882,94.2911376953125
1885,103.9044418334961
1887,103.78976440429688
1888,94.29698181152344
1890,111.52106475830078
1894,95.0965576171875
1895,104.41659545898438
1896,95.03226470947266
1897,112.00761413574219
1900,112.29093933105469
1901,94.21348571777344
1902,112.34467315673828
1905,94.30604553222656
1906,111.66348266601562
1912,104.07430267333984
1915,94.8220443725586
1916,104.0280532836914
1917,94.88520812988281
1918,103.71290588378906
1920,78.85552978515625
1923,94.26150512695312
1924,103.9500732421875
1925,94.99060821533203
1930,115.69401550292969
1932,112.21587371826172
1933,94.23882293701172
1934,111.80048370361328
1935,94.21348571777344
1940,79.57110595703125
1941,94.87123107910156
1942,113.1515121459961
1943,94.3902587890625
1944,93.99128723144531
1945,111.43937683105469
1948,114.57820892333984
1949,93.74285888671875
1952,94.27903747558594
1954,94.04730224609375
1955,111.84447479248047
1958,94.11189270019531
1959,80.1007308959961
1960,111.04161834716797
1963,94.98070526123047
1965,94.3683090209961
1968,103.97736358642578
1969,94.45513153076172
1971,95.0477066040039
1972,111.96239471435547
1973,94.60047149658203
1975,94.46267700195312
1977,94.94471740722656
1978,94.70687103271484
1979,111.79402923583984
1981,94.46267700195312
1982,113.54619598388672
1987,112.05632781982422
1988,94.64811706542969
1993,95.00353240966797
1997,94.73500061035156
1999,94.9496078491211
2001,95.0965576171875
2002,113.80524444580078
2003,94.8010025024414
2004,80.86892700195312
2006,113.41841888427734
2007,94.96395874023438
2009,104.54613494873047
2010,94.7823257446289
2013,95.19154357910156
2018,79.03634643554688
2022,104.21562957763672
2024,113.83223724365234
2025,94.68685150146484
2026,103.99803161621094
2030,104.42010498046875
2031,94.28892517089844
2032,104.07430267333984
2033,94.95760345458984
2035,94.12725067138672
2036,113.08500671386719
2037,94.72574615478516
2040,95.0965576171875
2043,112.52935791015625
2044,108.69648742675781
2046,104.53153228759766
2054,111.56758117675781
2055,94.63578033447266
2056,104.56536102294922
2059,94.02622985839844
2060,94.21348571777344
2062,94.06817626953125
2063,111.93185424804688
2066,95.0965576171875
2067,111.6672134399414
2072,94.7750244140625
2073,112.082763671875
2074,94.76842498779297
2075,112.08369445800781
2076,94.19923400878906
2080,94.69326782226562
2082,94.21348571777344
2085,111.85895538330078
2087,112.17137908935547
2091,112.08216094970703
2092,95.05620574951172
2093,104.56536102294922
2098,94.94768524169922
2101,111.04161834716797
2102,93.7879638671875
2103,79.57110595703125
2105,104.89163208007812
2106,94.41291046142578
2107,111.97950744628906
2110,94.6240005493164
2114,94.47553253173828
2115,113.17420959472656
2117,80.03775024414062
2118,94.2849349975586
2119,103.99514770507812
2120,94.84957122802734
2122,94.70404815673828
2123,111.91688537597656
2126,95.04622650146484
2127,104.53861236572266
2128,94.28876495361328
2129,115.09607696533203
2132,94.42523193359375
2135,104.07430267333984
2138,94.2848129272461
2139,115.69401550292969
2141,113.10120391845703
2142,94.24232482910156
2146,94.95843505859375
2151,113.69888305664062
2157,104.00318908691406
2159,112.40423583984375
2162,94.44822692871094
2164,114.6053695678711
2167,94.4863510131836
2168,111.81039428710938
2171,94.12100219726562
2173,95.01834106445312
2174,104.0254898071289
2175,94.55704498291016
2178,94.97755432128906
2180,95.0965576171875
2185,111.81758117675781
2189,95.0147476196289
2190,111.65422058105469
2192,103.67993927001953
2194,112.10099792480469
2200,112.69241333007812
2201,94.9117202758789
2203,111.84317779541016
2204,94.96633911132812
2205,111.54206848144531
2209,111.4984130859375
2213,104.06346893310547
2214,94.81248474121094
2215,112.79144287109375
2216,94.9117202758789
2218,94.8013687133789
2219,104.65438079833984
2220,94.97600555419922
2222,93.68963623046875
2223,112.72264862060547
2225,112.311279296875
2226,94.83052062988281
2230,94.27903747558594
2233,112.046875
2234,111.65174865722656
2235,94.96633911132812
2236,79.255126953125
2237,94.7779541015625
2240,113.34098815917969
2241,94.12914276123047
2248,103.68414306640625
2249,95.02684020996094
2250,113.038330078125
2252,111.79845428466797
2253,94.84912109375
2254,111.78580474853516
2256,81.0097885131836
2258,93.70063781738281
2259,113.63707733154297
2262,95.0965576171875
2265,94.96797180175781
2266,103.9527359008789
2269,94.27903747558594
2271,94.9294662475586
2273,94.75611114501953
2274,112.81123352050781
2275,94.9117202758789
2277,95.0477523803711
2279,94.96633911132812
2280,79.24169158935547
2282,95.0965576171875
2283,103.26818084716797
2288,94.43296813964844
2289,112.32610321044922
2291,94.88651275634766
2292,115.9075927734375
2297,94.97600555419922
2298,103.68193054199219
2299,95.0031967163086
2300,111.94103240966797
2301,94.66444396972656
2304,94.63578033447266
2305,104.04881286621094
2306,95.0965576171875
2308,94.11924743652344
2309,113.04823303222656
2311,94.86945343017578
2312,103.98207092285156
2316,103.23250579833984
2321,103.69288635253906
2322,111.67471313476562
2325,104.25086975097656
2326,94.1627426147461
2329,115.9075927734375
2330,95.08010864257812
2331,103.96251678466797
2332,111.601318359375
2333,95.0965576171875
2334,103.73592376708984
2335,110.85427856445312
2337,111.86973571777344
2338,94.54339599609375
2340,111.601318359375
2342,94.89447021484375
2345,94.34283447265625
2349,94.88288879394531
2351,80.54147338867188
2352,94.84957122802734
2354,112.25517272949219
2355,116.95861053466797
2357,112.311279296875
2358,94.34107971191406
2360,95.01432800292969
2361,112.25517272949219
2364,94.16583251953125
2366,94.9881362915039
2369,104.42710876464844
2370,94.96182250976562
2371,111.561767578125
2373,113.43022918701172
2374,94.28876495361328
2376,112.61724853515625
2378,111.87776947021484
2382,94.96248626708984
2383,94.71343231201172
2386,104.21791076660156
2387,94.8452377319336
2389,94.84400939941406
2390,110.683837890625
2392,94.09516143798828
2398,111.601318359375
2399,94.9200439453125
2400,94.70338439941406
2401,112.78922271728516
2402,94.29815673828125
2404,95.19404602050781
2407,110.72956085205078
2408,113.90656280517578
2409,113.91442108154297
2412,80.07585906982422
2413,94.97132873535156
2415,94.26475524902344
2420,111.44386291503906
2422,94.3534164428711
2423,103.20426940917969
2426,94.9278793334961
2432,94.96707916259766
2434,94.66876220703125
2435,94.92758178710938
2436,113.00923156738281
2438,111.95721435546875
2440,112.08364868164062
2443,94.33543395996094
2444,94.31781005859375
2447,103.68414306640625
2450,94.26179504394531
2454,94.26253509521484
2455,112.15251159667969
2459,95.0965576171875
2460,112.42045593261719
2463,94.27903747558594
2465,94.97430419921875
2468,79.62350463867188
2469,94.81512451171875
2474,93.98422241210938
2478,94.28535461425781
2480,93.72286987304688
2481,113.34098815917969
2489,95.0965576171875
2490,104.37911224365234
2492,94.21348571777344
2496,95.0965576171875
2497,113.90727996826172
2500,94.9332046508789
2505,95.0965576171875
2507,94.12100219726562
2508,111.54206848144531
2509,94.83477020263672
2510,79.63673400878906
2513,94.48735809326172
2515,95.0965576171875
2518,94.71343231201172
2519,112.86669921875
2520,94.71343231201172
2521,113.66207885742188
2523,112.36537170410156
2525,94.9151611328125
2529,111.66519927978516
2530,94.87935638427734
2533,111.89139556884766
2535,93.71662902832031
2538,105.17568969726562
2544,111.46287536621094
2553,111.9132308959961
2556,94.16741180419922
2558,94.6402816772461
2559,114.97151947021484
2560,94.96175384521484
2561,111.78434753417969
2562,94.74386596679688
2563,111.81753540039062
2564,94.66876220703125
2565,112.046875
2567,104.08087921142578
2572,94.28108978271484
2575,94.9332046508789
2576,114.17115020751953
2577,94.6043472290039
2578,95.02839660644531
2579,112.1396713256836
2580,94.06169891357422
2582,112.60808563232422
2583,94.6825180053711
2587,94.74785614013672
2589,111.85149383544922
2590,94.68687438964844
2591,111.66519927978516
2594,93.8336410522461
2597,94.96965789794922
2598,104.05428314208984
2599,94.6515884399414
2600,103.4106216430664
2602,112.5451889038086
2603,94.28108978271484
2604,104.36292266845703
2606,112.34432220458984
2607,79.22257995605469
2608,94.88147735595703
2613,111.56056213378906
2614,94.77195739746094
2615,112.89517974853516
2617,113.61296844482422
2620,94.70404815673828
2623,113.78705596923828
2624,95.01021575927734
2627,111.56056213378906
2629,79.22257995605469
2630,94.84099578857422
2632,94.96817016601562
2636,94.45399475097656
2639,94.80248260498047
2640,103.9544906616211
2642,111.66519927978516
2644,104.05428314208984
2646,112.48175811767578
2647,94.46459197998047
2649,94.21227264404297
2650,105.96279907226562
2652,104.05428314208984
2653,103.68798065185547
2655,107.03448486328125
2657,111.601318359375
2659,112.49214935302734
2662,94.71981811523438
2663,114.13574981689453
2664,95.00926971435547
2665,103.68289947509766
2670,94.6134033203125
2671,103.71326446533203
2672,94.17959594726562
2675,104.05428314208984
2677,112.21869659423828
2679,113.090576171875
2683,111.8061294555664
2684,95.06896209716797
2685,94.95236206054688
2688,103.6710433959961
2689,94.96912384033203
2690,104.45909881591797
2693,94.26667785644531
2694,112.94353485107422
2697,96.64720153808594
2699,94.9200439453125
2703,93.75605010986328
2705,103.71099090576172
2709,79.06208038330078
2710,94.37220001220703
2711,111.82429504394531
2712,94.25724029541016
2713,94.96817016601562
2714,113.39081573486328
2715,94.01264953613281
2717,94.42704010009766
2718,112.5383071899414
2720,111.59834289550781
2721,94.6240005493164
2726,94.94113159179688
2728,94.96175384521484
2731,103.28343200683594
2732,112.15267944335938
2734,94.33013916015625
2736,103.8116226196289
2737,94.16696166992188
2738,103.85372924804688
2739,112.10731506347656
2746,94.85179138183594
2749,103.73592376708984
2751,116.89561462402344
2752,105.3785629272461
2753,94.29061126708984
2757,104.40402221679688
2758,94.90839385986328
2759,113.85905456542969
2760,96.34971618652344
2762,111.97953033447266
2764,94.88745880126953
2765,111.90013122558594
2769,112.672607421875
2771,111.65458679199219
2774,94.61053466796875
2776,94.62134552001953
2777,115.01587677001953
2778,94.21348571777344
2779,112.86270141601562
2782,93.68926239013672
2784,94.67234802246094
2787,94.24615478515625
2789,94.44453430175781
2792,94.38175964355469
2798,94.88345336914062
2799,103.97724151611328
2800,95.73810577392578
2801,79.45626831054688
2802,93.66305541992188
2804,94.27576446533203
2807,103.33898162841797
2808,95.02632141113281
2809,113.60997772216797
2811,115.7785873413086
2812,94.3717041015625
2814,94.42317962646484
2816,94.6134033203125
2817,113.5114517211914
2818,113.63140869140625
2820,112.32159423828125
2821,79.06832122802734
2822,94.92472839355469
2823,103.9324951171875
2824,94.60954284667969
2826,94.67041015625
2829,94.21348571777344
2834,95.03850555419922
2835,79.49982452392578
2838,94.96817016601562
2839,112.64543151855469
2840,94.18749237060547
2841,112.86404418945312
2842,95.0965576171875
2846,113.17574310302734
2848,94.99978637695312
2849,94.02590942382812
2850,113.39081573486328
2851,94.99637603759766
2853,94.05388641357422
2854,111.66519927978516
2858,112.00277709960938
2861,94.95207977294922
2864,94.21348571777344
2865,114.13574981689453
2866,111.86221313476562
2867,94.06169891357422
2868,112.83267974853516
2870,111.67076873779297
2877,94.23601531982422
2878,111.56056213378906
2880,112.66600036621094
2882,79.24732208251953
2883,95.17998504638672
2884,104.20360565185547
2885,94.96175384521484
2887,95.0965576171875
2888,111.41357421875
2889,94.99368286132812
2890,104.0302963256836
2891,94.86945343017578
2892,114.7064208984375
2893,94.11408996582031
2898,112.88642883300781
2899,94.32987213134766
2900,113.1448974609375
2901,94.73588562011719
2909,94.97600555419922
2910,112.89336395263672
2911,112.60194396972656
2913,112.86766815185547
2914,95.60198974609375
2918,94.24716186523438
2919,111.69212341308594
2920,94.7169189453125
2921,111.56056213378906
2922,94.83287048339844
2923,104.09555053710938
2925,111.55621337890625
2926,94.06169891357422
2927,111.75675964355469
2929,112.60709381103516
2933,94.69580841064453
2934,112.08543395996094
2936,111.75758361816406
2941,103.40003204345703
2942,94.36595153808594
2943,112.79781341552734
2945,105.27059173583984
2950,94.66452026367188
2951,111.61702728271484
2953,114.1678695678711
2954,94.28905487060547
2955,104.28006744384766
2956,94.98261260986328
2960,94.93951416015625
2962,94.05398559570312
2963,104.51824188232422
2964,104.04792785644531
2966,79.20915222167969
2967,94.69393157958984
2968,113.550537109375
2969,94.46267700195312
2971,93.72286987304688
2972,94.97600555419922
2974,94.32987213134766
2975,113.16966247558594
2977,115.86618041992188
2980,113.81163024902344
2981,94.56735229492188
2983,94.96817016601562
2984,104.7336196899414
2985,115.91365814208984
2986,104.03700256347656
2987,94.97600555419922
2989,94.0655517578125
2990,111.74471282958984
2991,95.34004974365234
2992,79.62350463867188
2995,96.64720153808594
2996,103.9472885131836
3002,112.71192169189453
3004,111.93339538574219
3005,115.81658935546875
3006,95.019775390625
3010,94.91986846923828
3011,103.69881439208984
3014,94.06169891357422
3015,94.11907196044922
3016,94.96161651611328
3017,111.4300765991211
3018,94.06494903564453
3021,103.60277557373047
3024,104.05428314208984
3028,94.85958862304688
3030,94.21348571777344
3032,94.64310455322266
3039,95.03226470947266
3040,104.30461120605469
3041,95.13099670410156
3043,95.92074584960938
3044,113.50740814208984
3046,112.84490203857422
3055,93.78495025634766
3056,113.03231811523438
3058,94.85829162597656
3059,112.63284301757812
3061,114.60446166992188
3063,105.03926086425781
3066,95.02684020996094
3067,104.05428314208984
3068,79.23773956298828
3069,94.6240005493164
3072,114.4275131225586
3073,112.69441223144531
3074,94.91065979003906
3077,94.55010986328125
3082,94.93202209472656
3084,96.64720153808594
3085,111.82270812988281
3088,104.05428314208984
3091,94.07286834716797
3092,112.19189453125
3093,94.8401870727539
3094,103.29641723632812
3096,112.04803466796875
3097,94.68614196777344
3098,80.92182922363281
3102,115.79956817626953
3106,94.70269775390625
3109,93.76248931884766
3111,94.03946685791016
3112,115.81658935546875
3113,94.65442657470703
3115,94.88147735595703
3116,111.6884536743164
3117,94.91423034667969
3121,111.94090270996094
3122,94.74432373046875
3123,94.9332046508789
3124,104.38046264648438
3125,94.96161651611328
3126,103.24702453613281
3127,115.84712219238281
3129,94.64373016357422
3130,112.62449645996094
3132,104.44381713867188
3134,104.80403137207031
3135,95.13796997070312
3137,79.46435546875
3138,96.39144134521484
3140,96.15743255615234
3144,113.6164321899414
3145,95.00896453857422
3146,112.95315551757812
3147,94.6622314453125
3148,104.08452606201172
3149,103.81157684326172
3150,111.93395233154297
3151,93.7619857788086
3152,95.03922271728516
3155,95.50462341308594
3156,113.40380096435547
3159,94.49290466308594
3161,95.00643157958984
3162,103.95147705078125
3163,96.27802276611328
3165,103.64236450195312
3172,94.70404815673828
3173,112.56954193115234
3176,94.35690307617188
3177,104.79669189453125
3179,113.16966247558594
3183,94.19864654541016
3186,94.88745880126953
3187,103.19673919677734
3189,111.44710540771484
3190,94.42139434814453
3192,115.84712219238281
3193,94.70404815673828
3194,111.70992279052734
3197,94.39103698730469
3198,94.29061126708984
3200,94.90985107421875
3201,115.95233154296875
3202,94.29061126708984
3204,95.0965576171875
3205,94.75546264648438
3206,113.68762969970703
3208,103.75941467285156
3210,103.60228729248047
3211,95.04228210449219
3212,114.60446166992188
3213,94.32489013671875
3214,111.00862121582031
3216,104.0302963256836
3219,94.64373016357422
3220,112.44403839111328
3221,94.65442657470703
3226,107.05667114257812
3227,95.02684020996094
3228,113.880615234375
3229,94.47802734375
3232,79.55558776855469
3233,94.93792724609375
3234,94.61389923095703
3236,94.95843505859375
3238,111.52179718017578
3239,112.74457550048828
3240,94.03756713867188
3247,111.93438720703125
3249,104.93436431884766
3252,119.42872619628906
3253,94.96817016601562
3254,103.81855773925781
3255,94.27903747558594
3256,112.53331756591797
3257,94.35909271240234
3262,94.3045654296875
3263,104.05428314208984
3264,94.98261260986328
3266,112.30555725097656
3267,94.36457824707031
3269,94.34119415283203
3272,115.91365814208984
3274,94.39103698730469
3275,105.48271179199219
3277,94.29541015625
3279,94.9869384765625
3280,104.11306762695312
3283,95.03563690185547
3285,95.0965576171875
3287,94.93472290039062
3288,104.05428314208984
3290,104.60243225097656
3291,94.7779541015625
3298,111.83956146240234
3299,94.16583251953125
3302,110.98682403564453
3303,95.04341888427734
3304,104.54804992675781
3307,94.84239196777344
3309,95.202880859375
3314,80.92009735107422
3316,112.88932037353516
3317,95.00597381591797
3319,94.84478759765625
3320,111.82311248779297
3321,94.9417724609375
3322,104.56632995605469
3324,94.6266098022461
3326,94.18125915527344
3329,112.74919891357422
3330,94.66876220703125
3331,112.38699340820312
3335,114.60446166992188
3337,94.96348571777344
3338,104.70327758789062
3339,95.26754760742188
3340,112.3772964477539
3341,94.2425765991211
3343,94.63844299316406
3346,94.05545806884766
3348,94.82418060302734
3351,104.07430267333984
3352,116.10655212402344
3355,94.64811706542969
3356,112.70762634277344
3358,104.97023010253906
3359,94.46572875976562
3360,112.93233489990234
3371,112.30845642089844
3372,94.6201400756836
3374,95.17284393310547
3377,114.5206527709961
3378,93.7982406616211
3380,103.77957916259766
3382,95.08715057373047
3386,94.29696655273438
3389,114.14872741699219
3391,103.82202911376953
3393,94.43341827392578
3394,103.80645751953125
3395,94.88520812988281
3397,111.5975341796875
3398,94.97322082519531
3399,80.02778625488281
3400,94.83477020263672
3404,103.76166534423828
3407,111.81207275390625
3409,104.7911148071289
3419,94.29541015625
3421,94.33543395996094
3425,94.65079498291016
3427,79.01262664794922
3428,115.78569030761719
3429,112.23717498779297
3431,94.0273208618164
3435,94.18012237548828
3436,113.22911834716797
3439,95.21207427978516
3441,94.77740478515625
3442,115.78569030761719
3443,94.3045654296875
3444,103.89663696289062
3445,94.25790405273438
3446,111.5145263671875
3449,94.21348571777344
3453,94.88764190673828
3457,94.61426544189453
3460,103.8236312866211
3461,94.36482238769531
3462,94.05824279785156
3464,105.04475402832031
3465,79.23773956298828
3466,94.80241394042969
3467,103.75796508789062
3468,94.96348571777344
3469,103.81855773925781
3470,103.43439483642578
3472,111.68521881103516
3473,94.68614196777344
3475,94.26095581054688
3476,111.87125396728516
3478,103.97511291503906
3479,94.2691650390625
3483,94.17707824707031
3484,103.76724243164062
3485,95.00239562988281
3487,94.27069091796875
3488,111.87362670898438
3496,114.10640716552734
3497,94.28408813476562
3499,95.0711898803711
3500,79.21961975097656
3501,94.9332046508789
3504,94.79690551757812
3508,104.5400390625
3511,94.7605209350586
3512,112.14686584472656
3515,93.74285888671875
3517,94.28108978271484
3518,103.77172088623047
3526,112.64800262451172
3528,116.9169692993164
3529,94.04570770263672
3530,112.86093139648438
3531,94.03803253173828
3532,112.0918960571289
3533,94.13185119628906
3534,94.6240005493164
3535,79.20814514160156
3536,95.00160217285156
3537,111.85958099365234
3538,94.7716064453125
3539,113.5484848022461
3540,104.30570220947266
3545,111.84513092041016
3546,94.46267700195312
3550,104.6673812866211
3551,94.3683090209961
3553,95.34517669677734
3554,103.8236312866211
3557,94.7716064453125
3558,111.89478302001953
3559,94.21348571777344
3561,94.62352752685547
3562,111.5975341796875
3563,95.02830505371094
3564,104.07430267333984
3565,94.25790405273438
3567,94.1307373046875
3571,104.07430267333984
3572,94.96817016601562
3574,94.95843505859375
3576,94.29696655273438
3577,111.74214172363281
3578,94.9278793334961
3579,94.29696655273438
3583,94.5641098022461
3585,94.95843505859375
3586,103.75586700439453
3587,112.40808868408203
3593,94.63797760009766
3594,118.59715270996094
3595,95.03226470947266
3599,94.26179504394531
3600,103.9128646850586
3601,111.68521881103516
3602,94.21348571777344
3604,94.74517822265625
3609,115.49766540527344
3610,112.1327133178711
3612,111.78182220458984
3614,113.35511779785156
3615,94.30087280273438
3617,94.9869384765625
3618,113.42030334472656
3619,112.36343383789062
3620,111.89635467529297
3621,94.37770080566406
3625,94.10580444335938
3626,103.21927642822266
3630,103.31600952148438
3631,94.28408813476562
3632,104.69529724121094
3633,94.82596588134766
3634,112.57054901123047
3637,94.23079681396484
3639,94.77049255371094
3640,111.658203125
3641,94.50926208496094
3644,112.87471008300781
3645,94.2138900756836
3646,93.9191665649414
3647,94.33424377441406
3648,111.46377563476562
3653,112.64381408691406
3654,95.26872253417969
3655,112.13003540039062
3659,103.2882080078125
3660,94.96348571777344
3662,112.9847183227539
3666,94.09902954101562
3668,94.10240936279297
3671,94.70404815673828
3673,94.03598022460938
3674,112.55052185058594
3675,94.04308319091797
3681,94.0675277709961
3682,112.54735565185547
3686,111.03237915039062
3687,94.03756713867188
3692,80.55374145507812
3695,112.74252319335938
3696,94.30327606201172
3699,111.7889175415039
3705,113.241455078125
3707,79.55558776855469
3708,94.9332046508789
3709,112.72423553466797
3710,94.2911376953125
3712,95.04228210449219
3715,112.64717102050781
3716,94.55704498291016
3720,114.94376373291016
3722,79.55558776855469
3726,94.83477020263672
3728,94.70500183105469
3729,112.01310729980469
3731,103.91376495361328
3735,111.57459259033203
3736,94.70024108886719
3739,103.62859344482422
3741,111.83829498291016
3743,103.80078887939453
3744,94.9332046508789
3745,112.1515121459961
3746,94.95236206054688
3751,94.41669464111328
3753,94.53682708740234
3760,112.71470642089844
3761,94.0588607788086
3762,112.3416748046875
3763,94.12914276123047
3765,94.1373291015625
3768,112.3811264038086
3769,94.29696655273438
3770,104.1219482421875
3773,111.76069641113281
3774,94.98261260986328
3776,94.98384094238281
3778,94.3602066040039
3779,112.0771484375
3780,94.87811279296875
3781,113.02993774414062
3782,94.92506408691406
3783,111.79307556152344
3784,94.95284271240234
3786,94.83477020263672
3789,113.59217071533203
3790,94.31204986572266
3793,111.7137451171875
3795,111.89128875732422
3797,94.77679443359375
3798,115.75128173828125
3800,112.52352142333984
3804,94.98261260986328
3810,94.96817016601562
3815,112.17182922363281
3816,94.98261260986328
3818,103.39225769042969
3824,111.7021713256836
3828,103.30615234375
3830,111.97626495361328
3831,94.99151611328125
3832,79.22257995605469
3834,111.93167114257812
3835,94.66436767578125
3836,112.08448791503906
3838,95.0965576171875
3839,114.57820892333984
3840,114.38593292236328
3845,94.1373291015625
3846,111.69754028320312
3847,94.28108978271484
3849,80.93560791015625
3853,111.91355895996094
3855,104.58633422851562
3856,94.95843505859375
3864,79.55448913574219
3865,94.82838439941406
3866,113.82962799072266
3867,93.74510955810547
3868,112.52352142333984
3869,94.6515884399414
3871,94.27069091796875
3875,103.82998657226562
3876,94.70404815673828
3878,94.14312744140625
3879,112.08518981933594
3881,112.52352142333984
3883,112.41565704345703
3884,95.12552642822266
3886,111.70413970947266
3890,94.9728775024414
3893,112.11396026611328
3897,104.90306854248047
3901,94.15249633789062
3902,111.0737075805664
3913,112.29108428955078
3914,94.70905303955078
3916,94.66409301757812
3917,112.18637084960938
3924,104.77594757080078
3925,94.36658477783203
3928,95.04217529296875
3929,111.98580932617188
3932,94.39065551757812
3933,103.85338592529297
3934,79.24624633789062
3935,94.32049560546875
3936,94.45941162109375
3937,111.74563598632812
3938,93.78716278076172
3939,112.14649963378906
3943,94.04190063476562
3944,111.81258392333984
3945,112.15644836425781
3946,94.37676239013672
3947,112.50062561035156
3948,94.1734848022461
3949,111.56253051757812
3950,94.67227935791016
3951,112.27521514892578
3952,94.095458984375
3953,112.12017822265625
3961,113.57102966308594
3962,94.0938720703125
3966,94.65096282958984
3967,103.78229522705078
3968,95.02103424072266
3969,112.76716613769531
3970,95.14517211914062
3971,104.0874252319336
3973,95.00464630126953
3974,112.02507781982422
3975,113.76792907714844
3977,98.65390014648438
3979,112.25205993652344
3985,94.97454833984375
3986,103.76980590820312
3988,112.13951110839844
3991,94.21485137939453
3992,102.80693054199219
3993,95.05911254882812
3994,94.80767059326172
3995,112.4774398803711
4005,112.57122802734375
4007,94.34512329101562
4008,103.83106231689453
4009,95.0395736694336
4010,117.23042297363281
4011,79.3170394897461
4012,94.2906494140625
4013,104.99057006835938
4015,112.2271728515625
4016,111.38603210449219
4018,112.5048599243164
4025,94.45941162109375
4026,112.74347686767578
4028,112.99671936035156
4029,95.03076934814453
4031,94.71650695800781
4032,112.15644836425781
4033,95.01248168945312
4034,104.02124786376953
4037,94.31182861328125
4038,102.78086853027344
4039,94.36497497558594
4041,94.7100601196289
4042,112.37867736816406
4043,95.12532043457031
4044,103.85338592529297
4045,94.42617797851562
4046,112.02130889892578
4047,94.88792419433594
4048,104.5763931274414
4049,94.26302337646484
4051,94.70252990722656
4052,111.65788269042969
4058,103.84536743164062
4062,112.91029357910156
4064,111.94468688964844
4067,94.34512329101562
4068,79.29548645019531
4070,94.5935287475586
4072,117.55977630615234
4074,112.95801544189453
4075,95.45146942138672
4076,112.17234802246094
4077,94.94628143310547
4078,112.77798461914062
4080,103.85338592529297
4082,111.13219451904297
4085,94.34310150146484
4086,111.98097229003906
4088,112.74347686767578
4089,94.41647338867188
4092,79.25732421875
4094,93.7823257446289
4095,112.386962890625
4096,94.38465118408203
4097,104.08824157714844
4102,94.15306854248047
4105,127.03057861328125
4107,111.7132797241211
4111,94.3943862915039
4112,105.3169174194336
4113,94.94573974609375
4114,113.20730590820312
4115,94.67613220214844
4116,112.24734497070312
4117,94.31867980957031
4118,94.70999145507812
4119,111.95635986328125
4120,94.00160217285156
4122,79.85498046875
4125,94.76353454589844
4126,114.30575561523438
4129,111.98638153076172
4134,112.42755126953125
4137,94.66444396972656
4141,103.92232513427734
4142,95.00506591796875
4144,95.1585693359375
4145,104.77594757080078
4146,95.88626098632812
4150,94.3218002319336
4151,79.02533721923828
4154,94.34512329101562
4156,94.08500671386719
4157,111.48162078857422
4159,111.38603210449219
4160,94.07621002197266
4161,112.332763671875
4168,95.31289672851562
4171,103.93989562988281
4172,104.51285552978516
4173,95.03076934814453
4175,94.87571716308594
4176,103.85338592529297
4177,95.1585693359375
4178,102.93516540527344
4179,94.31835174560547
4181,113.98843383789062
4183,95.03076934814453
4184,112.63251495361328
4185,95.1401596069336
4186,111.9445571899414
4188,114.56102752685547
4190,111.57508850097656
4192,94.35005950927734
4193,111.06942749023438
4194,111.80874633789062
4195,94.23638153076172
4196,79.1575927734375
4202,95.03076934814453
4203,104.72069549560547
4208,94.90265655517578
4209,113.49979400634766
4210,93.79561614990234
4211,111.03813934326172
4212,115.91220092773438
4214,103.99049377441406
4215,94.93165588378906
4216,113.89263153076172
4217,93.85587310791016
4219,94.88928985595703
4222,111.74563598632812
4224,79.47389221191406
4231,104.21916198730469
4232,95.03076934814453
4234,93.80154418945312
4236,95.1585693359375
4237,104.08968353271484
4240,94.40673828125
4242,104.34390258789062
4243,94.88928985595703
4247,94.75040435791016
4248,112.48916625976562
4249,94.65377807617188
4254,102.70111083984375
4263,94.69584655761719
4265,114.19099426269531
4267,112.5843505859375
4268,112.14289093017578
4271,112.03229522705078
4272,94.33466339111328
4273,112.78878784179688
4274,94.92854309082031
4276,94.34104919433594
4278,95.0558090209961
4280,95.2518310546875
4281,112.18021392822266
4283,94.38435363769531
4284,112.2918472290039
4285,95.03801727294922
4286,112.8912124633789
4287,94.1353530883789
4288,113.35768127441406
4289,93.7177963256836
4290,80.09382629394531
4293,94.095458984375
4296,112.679443359375
4297,94.71488952636719
4299,94.4146499633789
4303,112.77803039550781
4310,95.02416229248047
4312,104.03207397460938
4318,104.05390167236328
4320,112.68318939208984
4322,94.31071472167969
4323,113.65235900878906
4325,103.98661041259766
4326,112.08979034423828
4328,103.8406982421875
4330,103.78251647949219
4332,112.05648803710938
4333,94.4577407836914
4335,94.17953491210938
4336,112.45184326171875
4338,104.95792388916016
4341,95.01828002929688
4342,104.4489974975586
4344,103.80323028564453
4347,95.00052642822266
4348,104.05696105957031
4351,105.91712951660156
4352,94.344970703125
4353,112.93439483642578
4355,102.72188568115234
4356,94.34310150146484
4359,102.74779510498047
4360,95.12532043457031
4361,94.344482421875
4364,94.3092269897461
4365,102.71025085449219
4368,95.13452911376953
4372,95.17487335205078
4374,94.02476501464844
4376,94.88928985595703
4377,103.9993896484375
4380,94.97441864013672
4383,104.43423461914062
4384,95.0558090209961
4385,103.12828826904297
4389,94.21430206298828
4391,94.3056640625
4392,111.75888061523438
4393,94.68717956542969
4395,94.07160949707031
4396,111.6689453125
4398,112.73682403564453
4399,102.96495056152344
4401,94.75839233398438
4406,96.60432434082031
4408,103.73829650878906
4412,104.05696105957031
4415,95.02843475341797
4418,112.28864288330078
4419,94.02476501464844
4420,79.24456024169922
4422,111.7735824584961
4423,94.02476501464844
4425,95.05610656738281
4428,112.45193481445312
4431,111.68954467773438
4434,94.27703857421875
4436,94.39988708496094
4437,111.89173126220703
4439,114.6348876953125
4440,94.30038452148438
4441,112.68527221679688
4444,95.00081634521484
4445,103.94233703613281
4446,94.66773223876953
4447,112.6722183227539
4452,103.77977752685547
4456,112.02915954589844
4457,94.3199234008789
4458,112.19341278076172
4460,94.34310150146484
4461,115.76689910888672
4462,94.41252899169922
4465,102.83553314208984
4466,103.31695556640625
4468,95.02010345458984
4469,103.78919219970703
4472,113.85293579101562
4475,94.35077667236328
4478,94.93389892578125
4479,113.62423706054688
4480,94.69297790527344
4483,79.51533508300781
4484,94.92865753173828
4485,104.06002044677734
4486,95.1296615600586
4488,94.18177795410156
4489,103.7500228881836
4490,94.98225402832031
4491,110.25589752197266
4492,95.03018188476562
4493,107.49087524414062
4494,94.23588562011719
4495,103.09471893310547
4498,79.26278686523438
4499,95.1247787475586
4500,102.63237762451172
4503,112.93208312988281
4505,102.83553314208984
4506,95.02828979492188
4507,95.03034210205078
4508,104.05390167236328
4510,112.03082275390625
4511,94.39835357666016
4513,95.12955474853516
4516,80.90333557128906
4519,94.71488952636719
4521,94.9648208618164
4531,94.3904037475586
4532,79.27064514160156
4533,95.1278305053711
4534,113.27422332763672
4536,104.05390167236328
4537,94.3199234008789
4539,95.02045440673828
4542,102.65476989746094
4545,94.095458984375
4549,94.69197082519531
4551,94.31987762451172
4554,103.94700622558594
4556,111.93206787109375
4559,112.29145812988281
4561,112.12394714355469
4562,111.30738067626953
4566,111.40336608886719
4569,94.22688293457031
4570,111.6689453125
4573,94.64990234375
4574,103.3492431640625
4575,94.82329559326172
4577,94.6632308959961
4578,111.73019409179688
4580,111.84361267089844
4582,94.27703857421875
4583,111.7735824584961
4585,95.1229019165039
4587,104.05390167236328
4595,94.1957015991211
4596,112.03118133544922
4601,94.95103454589844
4602,112.3524169921875
4603,94.96585083007812
4605,112.19456481933594
4606,94.65463256835938
4607,113.13509368896484
4608,94.98394012451172
4610,94.98242950439453
4613,103.79840087890625
4617,94.15168762207031
4618,111.3409652709961
4619,94.35005950927734
4620,95.24950408935547
4622,103.377685546875
4625,94.34310150146484
4626,104.05390167236328
4627,94.9690933227539
4629,94.05158233642578
4631,94.76187133789062
4633,104.05390167236328
4634,116.97691345214844
4635,94.32806396484375
4639,94.34505462646484
4640,104.10840606689453
4642,103.69557189941406
4644,112.43437957763672
4646,104.05390167236328
4647,95.0571517944336
4648,78.82240295410156
4649,94.6302719116211
4650,112.13261413574219
4655,94.69197082519531
4660,94.31373596191406
4661,114.79267883300781
4662,93.7327651977539
4663,112.15831756591797
4665,94.91200256347656
4666,112.16018676757812
4667,103.69564056396484
4668,94.8921127319336
4670,94.3861083984375
4671,111.50957489013672
4672,96.15213012695312
4673,103.74440002441406
4675,103.7499771118164
4676,95.43335723876953
4677,112.84672546386719
4680,95.20694732666016
4682,94.65789794921875
4683,111.86518859863281
4685,104.05696105957031
4686,94.7342758178711
4688,111.82196807861328
4690,114.07817840576172
4692,111.60916137695312
4693,94.04447174072266
4697,94.68512725830078
4700,111.13228607177734
4702,111.11949920654297
4707,115.76925659179688
4708,94.34310150146484
4710,79.87580871582031
4716,103.61651611328125
4717,95.21766662597656
4718,94.29212188720703
4720,95.2586898803711
4721,79.30323028564453
4723,94.69198608398438
4726,112.18021392822266
4727,94.41082763671875
4729,94.25051879882812
4731,94.82464599609375
4732,111.76112365722656
4735,94.253173828125
4736,103.23909759521484
4737,94.98475646972656
4738,112.27782440185547
4739,111.72171020507812
4744,103.94996643066406
4747,94.01981353759766
4749,112.91856384277344
4750,94.34310150146484
4752,111.73832702636719
4755,95.02755737304688
4756,103.98334503173828
4757,112.17977905273438
4758,94.9605484008789
4759,102.52579498291016
4763,95.21766662597656
4764,102.2206802368164
4765,94.30126953125
4766,94.74990844726562
4767,112.46324157714844
4769,112.12773895263672
4770,95.20281982421875
4771,78.66262817382812
4772,104.08968353271484
4774,111.83187103271484
4776,113.56755828857422
4777,112.22130584716797
4778,94.41986083984375
4780,94.07942962646484
4784,94.05937194824219
4786,94.955078125
4787,79.0556640625
4788,95.1874771118164
4789,111.73832702636719
4791,102.38910675048828
4792,94.21517181396484
4795,111.92549133300781
4796,93.791015625
4803,94.09940338134766
4805,95.59075164794922
4807,94.66841888427734
4809,94.095458984375
4816,94.84666442871094
4817,80.03855895996094
4818,94.46681213378906
4820,94.35539245605469
4821,102.24592590332031
4823,112.35065460205078
4824,94.73814392089844
4825,112.18408966064453
4829,102.17826843261719
4830,95.03416442871094
4831,114.11781311035156
4833,108.32553100585938
4836,94.79609680175781
4837,111.82196807861328
4838,94.06361389160156
4840,94.58776092529297
4841,80.7233657836914
4842,94.10333251953125
4843,113.13282775878906
4844,94.1691665649414
4849,106.40985107421875
4851,104.36796569824219
4852,94.38874816894531
4858,94.08499908447266
4860,95.03416442871094
4863,112.02162170410156
4864,94.77272033691406
4865,111.92819213867188
4867,113.17947387695312
4868,94.75221252441406
4869,112.01551055908203
4873,94.06709289550781
4875,95.03801727294922
4876,111.49339294433594
4877,94.16405487060547
4878,111.57679748535156
4880,79.06613159179688
4886,115.83209991455078
4888,104.00175476074219
4889,94.87078094482422
4890,112.72712707519531
4893,95.02045440673828
4895,95.0143814086914
4896,103.83490753173828
4899,93.79561614990234
4901,94.28020477294922
4902,112.0180892944336
4903,94.91706085205078
4904,111.73832702636719
4910,93.80042266845703
4912,94.34381103515625
4915,95.23853302001953
4916,105.02674865722656
4917,95.022216796875
4920,104.08968353271484
4927,103.77704620361328
4928,94.96783447265625
4931,103.77704620361328
4934,94.1675796508789
4936,94.6960678100586
4939,112.32686614990234
4942,112.27574920654297
4943,95.03416442871094
4944,102.49639892578125
4945,94.43421173095703
4947,111.57679748535156
4948,94.56371307373047
4951,94.66181182861328
4952,111.73832702636719
4953,93.69524383544922
4956,94.91706085205078
4957,112.50914764404297
4958,94.01708984375
4960,94.26258087158203
4968,94.24574279785156
4969,105.94706726074219
4971,104.0746841430664
4973,111.83187103271484
4975,112.51880645751953
4976,94.3331298828125
4978,94.095458984375
4979,112.32258605957031
4982,94.07621002197266
4983,111.72271728515625
4984,95.18121337890625
4985,115.77915954589844
4986,94.74174499511719
4987,113.57102966308594
4988,95.01972198486328
4994,95.0143814086914
4995,95.02356719970703
5002,78.94522094726562
5004,94.24159240722656
5005,104.15592956542969
5006,95.1585693359375
5007,102.73897552490234
5009,112.57582092285156
5011,111.83187103271484
5014,94.33636474609375
5015,104.50733184814453
5018,94.0938720703125
5019,111.92549133300781
5020,94.73464965820312
5021,111.7397689819336
5022,94.24171447753906
5023,94.74247741699219
5025,95.03416442871094
5032,94.74247741699219
5034,93.80042266845703
5036,94.75801849365234
5038,94.05780792236328
5039,111.63728332519531
5046,95.03416442871094
5049,111.92549133300781
5051,95.18058776855469
5052,94.09940338134766
5053,111.83187103271484
5054,95.03416442871094
5055,95.00141906738281
5057,94.3199234008789
5059,94.37775421142578
5062,95.1827392578125
5063,112.37899780273438
5065,112.32270050048828
5069,94.31851959228516
5071,95.23809051513672
5074,112.27738952636719
5075,94.09940338134766
5076,111.56639862060547
5077,79.06613159179688
5079,104.45280456542969
5080,94.95548248291016
5081,111.82196807861328
5083,103.77775573730469
5088,103.79253387451172
5089,94.94602966308594
5093,111.77672576904297
5094,104.2235336303711
5095,95.02045440673828
5099,111.565185546875
5101,112.2080078125
5103,102.67030334472656
5104,94.34104919433594
5105,111.56185913085938
5107,94.69702911376953
5108,112.56737518310547
5109,94.37670135498047
5111,94.83951568603516
5112,111.27432250976562
5113,94.34104919433594
5114,112.27679443359375
5115,94.07621002197266
5118,95.05638122558594
5122,95.04462432861328
5123,79.1033935546875
5125,94.66360473632812
5127,103.22174072265625
5128,94.25274658203125
5129,115.04489135742188
5132,95.1585693359375
5134,112.36005401611328
5135,94.66156005859375
5137,112.58251953125
5142,94.93588256835938
5143,104.0799560546875
5144,94.46696472167969
5148,94.16133117675781
5149,94.22664642333984
5150,104.76829528808594
5154,79.0478515625
5155,94.83613586425781
5159,94.33815002441406
5164,95.03524780273438
5165,112.39654541015625
5166,94.095458984375
5167,112.42120361328125
5169,93.78477478027344
5171,94.43721771240234
5172,112.26356506347656
5176,94.30825805664062
5184,112.350830078125
5185,94.9023666381836
5186,112.2751235961914
5188,104.98197174072266
5189,111.22180938720703
5190,97.80831909179688
5191,112.39654541015625
5193,112.00023651123047
5196,94.9833755493164
5199,79.12159729003906
5200,103.76631164550781
5203,94.0702133178711
5204,111.31639099121094
5205,97.71947479248047
5207,94.35077667236328
5208,110.36009979248047
5212,95.02045440673828
5214,94.35237121582031
5218,94.04447174072266
5220,94.3433609008789
5222,94.68289184570312
5224,94.97257232666016
5225,104.08968353271484
5227,111.13505554199219
5229,103.84536743164062
5232,94.47134399414062
5233,115.65766906738281
5234,104.23806762695312
5237,111.73106384277344
5239,112.57161712646484
5240,94.39250946044922
5241,111.95028686523438
5244,94.17730712890625
5248,112.45502471923828
5251,94.14149475097656
5253,94.34310150146484
5255,95.03801727294922
5256,103.34942626953125
5257,94.38137817382812
5259,95.00177764892578
5260,112.22528076171875
5266,94.22998046875
5268,94.91706085205078
5275,111.82196807861328
5276,112.32215118408203
5277,94.34781646728516
5279,95.03801727294922
5280,103.84536743164062
5281,94.9333724975586
5283,94.46698760986328
5284,79.37439727783203
5285,95.03402709960938
5286,104.08240509033203
5287,94.95428466796875
5289,94.80290985107422
5290,112.00023651123047
5292,104.22088623046875
5293,95.00586700439453
5294,104.04972839355469
5297,94.08062744140625
5299,106.7923812866211
5302,94.767578125
5305,79.06248474121094
5306,95.03801727294922
5308,94.46622467041016
5309,94.73814392089844
5310,112.4978256225586
5312,112.21869659423828
5316,112.6378402709961
5317,94.86160278320312
5319,79.1033935546875
5320,95.04462432861328
5323,94.31401824951172
5329,113.10743713378906
5331,111.8447265625
5334,112.01410675048828
5336,111.99368286132812
5338,103.84536743164062
5341,94.35063171386719
5345,95.67168426513672
5348,94.91706085205078
5349,112.23748016357422
5355,104.31101989746094
5356,94.46533203125
5360,103.88660430908203
5362,111.7175064086914
5364,111.94036102294922
5366,104.26764678955078
5367,94.2208023071289
5368,94.35077667236328
5370,94.88601684570312
5371,79.0478515625
5373,103.85002136230469
5375,111.73106384277344
5376,94.06353759765625
5378,111.35453033447266
5379,95.03524780273438
5383,94.34104919433594
5384,103.6356430053711
5389,114.23641967773438
5391,80.78118133544922
5393,111.8218994140625
5395,112.8252944946289
5397,112.11674499511719
5398,94.63935852050781
5399,113.05462646484375
5401,115.87495422363281
5402,94.17488098144531
5403,112.74016571044922
5404,94.77686309814453
5407,79.13905334472656
5408,94.88792419433594
5413,112.62101745605469
5414,94.35611724853516
5417,94.93891906738281
5418,104.22088623046875
5420,114.31123352050781
5421,93.72080993652344
5424,94.3769760131836
5425,111.31639099121094
5426,94.71141052246094
5429,112.18592834472656
5431,95.03551483154297
5437,102.64098358154297
5440,94.14149475097656
5444,104.03853607177734
5446,105.18733215332031
5447,94.33059692382812
5451,94.98926544189453
5452,111.85462951660156
5455,104.23806762695312
5456,94.3589096069336
5458,94.0635757446289
5459,112.48504638671875
5460,95.20327758789062
5462,94.9741439819336
5463,111.29515075683594
5464,93.791015625
5465,112.79950714111328
5466,95.18730926513672
5467,103.78694915771484
5468,94.42842864990234
5469,112.1827621459961
5472,95.52847290039062
5474,94.1754150390625
5475,111.10897064208984
5476,95.03402709960938
5479,103.84536743164062
5480,111.68099975585938
5482,112.55244445800781
5485,94.73127746582031
5486,115.87495422363281
5488,79.3643798828125
5495,103.84536743164062
5496,95.01786804199219
5497,113.36539459228516
5499,113.38145446777344
5503,94.02301788330078
5504,94.19905090332031
5507,95.04462432861328
5509,94.80254364013672
5511,94.74174499511719
5512,112.46592712402344
5516,110.3564453125
5517,94.98735046386719
5518,103.05130004882812
5521,94.13912200927734
5522,103.0212173461914
5527,94.94293212890625
5528,94.74041748046875
5529,109.77989959716797
5532,95.14945983886719
5533,112.73275756835938
5535,104.10124969482422
5536,105.20475006103516
5540,94.36905670166016
5547,94.01032257080078
5548,111.62734985351562
5550,78.8599853515625
5551,94.59782409667969
5554,110.71160125732422
5555,94.36639404296875
5559,109.64330291748047
5560,94.18219757080078
5561,110.98152160644531
5562,93.97425079345703
5563,112.99453735351562
5565,79.20346069335938
5566,94.07268524169922
5567,103.20120239257812
5568,94.63758850097656
5572,94.6202163696289
5574,94.76094055175781
5576,94.67621612548828
5579,112.12796020507812
5580,78.37405395507812
5581,94.65535736083984
5583,94.19953918457031
5584,110.91109466552734
5586,111.10015869140625
5587,94.16781616210938
5589,102.15467834472656
5591,102.05772399902344
5592,93.9453125
5593,113.31768035888672
5594,94.76859283447266
5595,78.70132446289062
5596,110.57696533203125
5597,111.62423706054688
5598,112.74937438964844
5599,94.16497039794922
5602,111.13092803955078
5603,94.76859283447266
5605,93.97208404541016
5607,93.5628890991211
5608,110.96282958984375
5609,93.80765533447266
5610,94.35709381103516
5612,94.64961242675781
5613,109.88844299316406
5614,93.84252166748047
5616,93.93746185302734
5621,94.49153137207031
5623,94.15027618408203
5628,113.37156677246094
5629,94.0715560913086
5631,95.63352966308594
5633,94.18284606933594
5638,103.20292663574219
5639,94.84634399414062
5640,103.73453521728516
5645,95.09510803222656
5646,78.85218048095703
5649,94.39169311523438
5653,112.93449401855469
5655,111.19295501708984
5656,94.22911834716797
5658,94.13912200927734
5662,115.11039733886719
5663,94.4410171508789
5667,94.69053649902344
5670,94.16497039794922
5671,102.0617446899414
5672,94.75120544433594
5673,101.99433135986328
5674,94.07946014404297
5675,102.41339874267578
5676,94.88932800292969
5679,110.78700256347656
5683,111.40513610839844
5687,94.74311828613281
5688,78.89532470703125
5690,95.17340850830078
5691,110.76371002197266
5692,94.50465393066406
5693,112.59307098388672
5694,94.63220977783203
5697,111.837890625
5698,93.89532470703125
5699,110.81898498535156
5704,94.08361053466797
5707,110.78700256347656
5709,103.26805114746094
5710,94.03643035888672
5714,94.10785675048828
5718,94.73540496826172
5721,95.27108764648438
5723,93.82872772216797
5724,110.84764862060547
5725,94.05575561523438
5726,110.5194091796875
5729,94.70887756347656
5730,103.06693267822266
5731,94.07889556884766
5733,78.31830596923828
5736,93.92537689208984
5741,102.41828918457031
5745,111.4638900756836
5747,94.75886535644531
5748,101.95848846435547
5750,110.63444519042969
5751,94.72103118896484
5752,94.0715560913086
5754,94.51790618896484
5755,94.50446319580078
5757,94.73515319824219
5758,114.22240447998047
5760,101.95682525634766
5762,101.8505630493164
5766,109.88906860351562
5768,94.76806640625
5769,116.21194458007812
5770,93.99883270263672
5771,111.01535034179688
5772,94.47388458251953
5773,112.27053833007812
5774,93.84872436523438
5776,94.21221923828125
5777,110.81898498535156
5778,94.0804214477539
5780,110.4343490600586
5782,93.9818115234375
5783,80.11079406738281
5784,94.76806640625
5786,94.1480941772461
5788,94.68328857421875
5789,111.60796356201172
5790,94.08153533935547
5791,103.02908325195312
5793,105.60942077636719
5794,94.06259155273438
5796,115.08299255371094
5797,94.07946014404297
5801,94.03546905517578
5803,94.74311828613281
5804,110.04432678222656
5805,94.62889862060547
5806,78.85218048095703
5808,110.69660949707031
5813,94.08361053466797
5815,94.595703125
5816,102.95447540283203
5822,94.33922576904297
5823,110.59835815429688
5825,103.22932434082031
5827,110.78361511230469
5829,101.82327270507812
5830,94.74969482421875
5831,111.01236724853516
5832,94.08563995361328
5833,110.69660949707031
5837,113.39569854736328
5838,93.92537689208984
5839,93.8909912109375
5842,103.73453521728516
5844,110.76335144042969
5845,103.05049896240234
5846,112.5983657836914
5848,78.8599853515625
5850,110.4349594116211
5851,94.44451904296875
5853,94.76806640625
5854,103.00904083251953
5858,103.73453521728516
5860,110.72171020507812
5864,101.94503021240234
5866,94.74311828613281
5867,110.78700256347656
5868,93.79999542236328
5869,111.07394409179688
5870,94.33584594726562
5871,111.59400939941406
5874,111.02787017822266
5876,110.7007827758789
5877,94.27207946777344
5878,93.85033416748047
5879,110.69660949707031
5880,93.86347961425781
5884,94.47691345214844
5886,109.96610260009766
5890,104.39717864990234
5896,94.73323822021484
5897,102.16497039794922
5898,94.76806640625
5901,121.11235046386719
5903,110.58686065673828
5906,94.35709381103516
5908,110.46890258789062
5909,93.54122161865234
5910,109.88844299316406
5911,93.99099731445312
5912,110.5035171508789
5914,111.02787017822266
5919,110.58686065673828
5924,93.86717224121094
5926,94.28324890136719
5929,103.0352783203125
5930,94.07685852050781
5932,95.1691665649414
5933,110.99320220947266
5934,93.92442321777344
5935,110.54360961914062
5936,93.9710464477539
5937,110.90965270996094
5938,94.16244506835938
5939,111.95430755615234
5942,110.76715087890625
5943,94.05575561523438
5944,103.50060272216797
5946,110.3564453125
5951,93.62980651855469
5953,101.9107894897461
5954,93.14812469482422
5957,103.0519027709961
5961,93.14103698730469
5962,104.47271728515625
5964,79.42503356933594
5965,94.69967651367188
5968,111.03868103027344
5969,93.79431915283203
5974,93.74098205566406
5975,111.28971099853516
5978,80.49341583251953
5981,103.0721206665039
5982,93.83753967285156
5983,114.12290954589844
5989,111.7181167602539
5991,93.25408172607422
5992,102.53023529052734
5995,93.83016967773438
5996,102.21797943115234
5997,110.08917236328125
5998,93.1497573852539
5999,78.38025665283203
6001,110.43746948242188
6002,93.7948989868164
6003,109.89506530761719
6004,93.14812469482422
6006,110.52423095703125
6007,93.50875854492188
6011,104.29300689697266
6012,103.02303314208984
6014,93.18932342529297
6015,102.24514770507812
6016,93.62735748291016
6017,110.713623046875
6018,93.83729553222656
6024,94.08766174316406
6025,102.47640991210938
6026,110.91481018066406
6028,110.5855941772461
6029,78.8267822265625
6030,93.6509780883789
6036,111.03868103027344
6040,93.75731658935547
6041,111.05663299560547
6042,94.46553802490234
6044,93.28074645996094
6045,103.0499038696289
6047,103.04203796386719
6048,93.96295928955078
6049,110.5118179321289
6051,115.08116149902344
6052,110.63945007324219
6053,93.33844757080078
6054,110.8399429321289
6058,103.27579498291016
6059,94.0501480102539
6062,93.83729553222656
6063,115.16336822509766
6064,102.94920349121094
6065,93.75731658935547
6067,93.79149627685547
6068,110.96764373779297
6070,101.90072631835938
6071,103.22666931152344
6072,109.97691345214844
6080,109.97691345214844
6081,93.27779388427734
6084,104.46282196044922
6087,93.44076538085938
6089,103.33700561523438
6092,109.97691345214844
6094,93.1860122680664
6095,110.58777618408203
6097,110.95956420898438
6100,94.45948028564453
6104,103.25858306884766
6105,93.70000457763672
6106,109.85399627685547
6107,78.70574951171875
6108,93.82005310058594
6109,109.97691345214844
6110,93.23509979248047
6114,109.97691345214844
6116,93.10284423828125
6117,102.63447570800781
6118,93.3575439453125
6123,80.4681167602539
6125,110.5976791381836
6128,110.05770111083984
6130,103.17613220214844
6132,109.84442901611328
6137,80.54975128173828
6139,111.03912353515625
6140,93.66731262207031
6141,110.96739959716797
6142,103.719482421875
6144,105.40632629394531
6145,93.77981567382812
6146,93.128662109375
6149,92.9298324584961
6156,94.06100463867188
6159,110.99954223632812
6160,93.66731262207031
6162,103.11958312988281
6164,109.96943664550781
6165,93.77275085449219
6168,80.51722717285156
6169,110.7074203491211
6170,93.83548736572266
6171,111.0266342163086
6172,92.81036376953125
6173,113.06974029541016
6176,93.83729553222656
6177,92.94369506835938
6178,93.93348693847656
6180,94.02700805664062
6181,103.0499038696289
6182,93.7762222290039
6185,93.10052490234375
6186,111.03936767578125
6188,110.77792358398438
6189,93.79654693603516
6192,104.46282196044922
6193,93.25408172607422
6194,103.0499038696289
6195,93.81363677978516
6196,114.24346923828125
6197,93.72802734375
6201,110.95384979248047
6202,93.53607177734375
6203,110.8524169921875
6204,93.66517639160156
6207,115.22224426269531
6209,93.34923553466797
6210,92.99725341796875
6211,110.98958587646484
6213,110.9567642211914
6216,92.81193542480469
6217,92.6727066040039
6219,93.7810287475586
6222,78.89725494384766
6223,93.13984680175781
6235,93.83729553222656
6240,93.09878540039062
6242,93.22274780273438
6247,93.27779388427734
6251,110.8278579711914
6254,110.67436981201172
6255,93.64063262939453
6260,102.24285125732422
6261,93.06022644042969
6262,103.49698638916016
6264,111.0989990234375
6269,103.04106903076172
6271,104.9765853881836
6275,110.440673828125
6276,93.9605712890625
6278,93.80463409423828
6279,111.1571273803711
6281,110.04828643798828
6284,93.85258483886719
6286,93.8374252319336
6287,78.39529418945312
6288,93.33500671386719
6292,94.37679290771484
6293,93.65306854248047
6295,93.82044219970703
6298,109.94429779052734
6300,110.50382232666016
6304,103.1020736694336
6308,109.9326171875
6310,93.81170654296875
6312,109.97691345214844
6320,93.14812469482422
6324,93.63426208496094
6325,110.97791290283203
6330,94.76423645019531
6336,110.04878234863281
6340,103.61717987060547
6341,93.83729553222656
6342,102.14179992675781
6344,93.14797973632812
6345,110.97966766357422
6347,112.65469360351562
6348,93.00103759765625
6349,109.94429779052734
6351,78.84171295166016
6353,110.98310089111328
6354,93.67682647705078
6357,93.25032806396484
6358,102.33283996582031
6360,102.64736938476562
6363,113.31238555908203
6364,93.29793548583984
6368,110.5760269165039
6370,92.98846435546875
6371,93.11859130859375
6377,96.67105865478516
6379,93.13372039794922
6381,93.13184356689453
6382,78.74545288085938
6383,111.53459167480469
6388,110.81143951416016
6390,110.47200775146484
6392,101.79191589355469
6393,94.93067932128906
6395,93.08148956298828
6398,102.93487548828125
6401,78.75592041015625
6402,92.6894760131836
6403,109.82564544677734
6405,93.65624237060547
6406,92.81019592285156
6407,110.82980346679688
6409,102.52530670166016
6411,92.97000122070312
6413,93.26213836669922
6416,103.47383117675781
6417,93.87689208984375
6418,93.06632232666016
6419,114.41340637207031
6420,111.19247436523438
6426,110.94293212890625
6429,93.65064239501953
6430,93.1234130859375
6431,109.82564544677734
6432,92.98005676269531
6434,92.98580169677734
6437,110.68614196777344
6438,93.33185577392578
6439,102.98029327392578
6440,93.10685729980469
6441,92.99458312988281
6442,109.742431640625
6443,93.71192932128906
6445,93.82809448242188
6448,110.4797134399414
6450,110.00833892822266
6453,93.30879211425781
6455,93.1245346069336
6457,93.42633056640625
6458,111.72827911376953
6461,93.16502380371094
6464,110.64875793457031
6467,93.14869689941406
6469,94.09318542480469
6470,79.0459976196289
6471,93.5916976928711
6473,102.93153381347656
6474,93.12498474121094
6479,93.16502380371094
6481,93.23371124267578
6484,110.88935852050781
6495,97.60335540771484
6496,110.9589614868164
6505,110.48578643798828
6506,93.76873779296875
6508,93.83729553222656
6509,93.22087097167969
6510,103.08253479003906
6512,102.97943878173828
6513,93.15283966064453
6514,111.03587341308594
6515,93.5479965209961
6519,93.73657989501953
6521,93.13720703125
6523,78.77340698242188
6525,103.8095932006836
6526,93.13794708251953
6528,93.81222534179688
6529,110.68280792236328
6531,103.21865844726562
6533,104.01123046875
6534,94.3077392578125
6535,110.36725616455078
6536,93.06761169433594
6537,111.30908203125
6540,93.44731140136719
6541,111.53459167480469
6547,93.80463409423828
6548,110.84823608398438
6551,110.98526000976562
6553,110.83390045166016
6555,104.46282196044922
6556,93.83729553222656
6561,78.30937194824219
6564,93.64115142822266
6565,110.36725616455078
6568,93.82809448242188
6569,109.742431640625
6573,103.17628479003906
6574,93.16502380371094
6577,110.79351043701172
6579,113.0567855834961
6581,93.79431915283203
6582,109.82564544677734
6585,103.49755096435547
6586,95.01704406738281
6589,103.03658294677734
6590,78.77340698242188
6593,93.14124298095703
6594,111.98153686523438
6595,93.29505920410156
6599,92.99927520751953
6600,92.93324279785156
6601,110.61164855957031
6602,92.80091857910156
6603,110.4797134399414
6604,93.83548736572266
6607,103.16761779785156
6608,103.43832397460938
6609,93.65521240234375
6611,93.14869689941406
6613,109.742431640625
6614,93.70989990234375
6616,93.46390533447266
6617,109.742431640625
6618,93.14812469482422
6619,102.14366912841797
6621,104.46282196044922
6627,102.52395629882812
6629,110.69989013671875
6631,78.72834014892578
6634,93.08148956298828
6636,93.15283966064453
6638,93.82809448242188
6639,109.742431640625
6641,110.74996185302734
6642,93.83800506591797
6651,110.67156219482422
6654,78.69964599609375
6657,93.8331527709961
6663,92.99629974365234
6665,110.24757385253906
6666,93.3261489868164
6668,93.15283966064453
6669,104.43923950195312
6670,93.82809448242188
6671,93.85138702392578
6673,93.13921356201172
6675,93.1497573852539
6676,78.74545288085938
6677,93.34124755859375
6679,94.28538513183594
6680,110.78133392333984
6681,103.08253479003906
6685,103.04203796386719
6688,94.34815216064453
6689,93.29505920410156
6690,109.87838745117188
6692,109.742431640625
6693,92.99442291259766
6694,93.1584243774414
6698,114.60044860839844
6699,93.09501647949219
6700,110.82965850830078
6701,93.42633056640625
6702,110.5594253540039
6704,93.29505920410156
6707,110.55065155029297
6712,110.5976791381836
6713,93.37360382080078
6715,93.17871856689453
6721,110.93073272705078
6722,93.14771270751953
6723,111.58729553222656
6724,93.38323211669922
6725,114.40350341796875
6731,111.46074676513672
6735,89.50238037109375
6736,93.17871856689453
6737,120.14616394042969
6738,92.95439910888672
6739,102.61300659179688
6741,103.05072784423828
6743,93.52577209472656
6745,93.15283966064453
6747,110.97936248779297
6749,93.00358581542969
6750,103.21976470947266
6751,113.93989562988281
6752,93.21575164794922
6753,109.742431640625
6755,112.94486236572266
6756,93.24292755126953
6757,102.67497253417969
6759,110.96646118164062
6761,93.19316101074219
6763,93.5916976928711
6764,116.23342895507812
6765,93.7977294921875
6766,111.13323974609375
6768,110.48143768310547
6771,93.29505920410156
6773,93.101806640625
6774,93.91558074951172
6778,122.74079132080078
6779,94.36387634277344
6781,92.81305694580078
6784,92.95176696777344
6786,93.6530532836914
6787,111.25688171386719
6790,96.56615447998047
6793,103.55742645263672
6795,109.77738952636719
6798,111.1337890625
6806,103.06513214111328
6807,93.83473205566406
6810,93.101806640625
6815,110.54595947265625
6816,92.90210723876953
6817,101.91475677490234
6818,93.15076446533203
6819,103.04203796386719
6820,93.82044219970703
6822,93.00236511230469
6823,115.08116149902344
6824,110.7074203491211
6825,93.23055267333984
6828,78.71786499023438
6829,111.66556549072266
6831,110.73516845703125
6832,92.98072052001953
6833,110.78089141845703
6834,93.5916976928711
6836,93.95487213134766
6837,110.5976791381836
6838,92.75035095214844
6840,102.65298461914062
6843,93.33251953125
6845,93.28536224365234
6846,93.60262298583984
6847,110.52320861816406
6851,111.23233795166016
6852,93.34242248535156
6853,110.96206665039062
6858,93.83663177490234
6861,110.88057708740234
6863,110.64659881591797
6864,78.80126190185547
6865,93.92857360839844
6866,110.50413513183594
6867,93.97135162353516
6868,103.8463134765625
6869,93.23419952392578
6870,110.7074203491211
6874,110.67302703857422
6875,92.97718811035156
6877,110.51432800292969
6878,93.462158203125
6880,96.246337890625
6883,109.99747467041016
6884,93.13700866699219
6886,93.62760925292969
6890,93.83978271484375
6893,110.38469696044922
6894,93.13493347167969
6899,110.51432800292969
6900,92.98846435546875
6904,93.21674346923828
6905,110.58145141601562
6906,92.88526153564453
6910,92.97992706298828
6912,102.53730773925781
6913,111.13343811035156
6920,93.22654724121094
6922,93.64366149902344
6923,109.77738952636719
6926,93.82809448242188
6927,110.36339569091797
6928,93.00338745117188
6931,112.82769775390625
6933,92.94031524658203
6936,92.61370849609375
6937,110.58777618408203
6939,111.67064666748047
6941,93.6530532836914
6942,111.7760009765625
6943,93.33135986328125
6944,102.6424331665039
6945,93.80438995361328
6946,110.91364288330078
6947,113.9234848022461
6949,103.27545166015625
6951,103.27545166015625
6953,111.96446990966797
6954,93.57344818115234
6955,111.07624816894531
6963,109.84415435791016
6964,93.08928680419922
6966,93.63653564453125
6968,93.61473846435547
6970,103.04203796386719
6972,111.44883728027344
6976,110.84432220458984
6978,110.50413513183594
6981,103.39167785644531
6985,103.2167739868164
6986,93.01307678222656
6987,111.06260681152344
6989,111.13700866699219
6991,115.08116149902344
6993,112.4239273071289
6994,93.80965423583984
6995,109.95474243164062
6996,93.60643005371094
6997,111.03868103027344
6998,78.58139038085938
7001,109.84415435791016
7003,111.82876586914062
7006,93.80438995361328
7008,103.95304870605469
7010,93.33125305175781
7011,93.44292449951172
7012,111.86355590820312
7013,93.57815551757812
7014,110.95201873779297
7017,102.09986114501953
7018,93.15828704833984
7019,93.25531005859375
7023,94.11035919189453
7024,102.43033599853516
7025,93.09459686279297
7026,110.9173583984375
7027,92.97635650634766
7028,113.24264526367188
7030,109.77738952636719
7031,96.20726776123047
7033,111.0086441040039
7036,93.13611602783203
7037,93.64447021484375
7039,93.12498474121094
7044,93.19920349121094
7045,110.5976791381836
7046,94.96861267089844
7049,103.431640625
7050,93.97786712646484
7051,103.04203796386719
7054,109.6938247680664
7055,94.54478454589844
7057,93.12498474121094
7060,110.51432800292969
7061,93.83729553222656
7063,92.63663482666016
7064,110.96241760253906
7067,96.246337890625
7071,93.23997497558594
7074,102.93658447265625
7075,93.34678649902344
7078,110.5976791381836
7079,93.29505920410156
7080,113.91241455078125
7081,93.86219787597656
7082,110.5976791381836
7083,93.04598999023438
7085,110.14391326904297
7092,103.04203796386719
7094,93.80463409423828
7100,93.69132232666016
7101,110.51449584960938
7102,110.50413513183594
7104,110.79093170166016
7105,93.83729553222656
7106,93.15283966064453
7107,102.61216735839844
7108,78.67745971679688
7109,93.6070785522461
7110,110.58777618408203
7112,93.8444595336914
7113,103.08253479003906
7114,93.82157897949219
7116,110.50413513183594
7117,93.83729553222656
7118,103.01554870605469
7120,93.66075134277344
7121,101.8990478515625
7123,102.30883026123047
7124,93.71489715576172
7127,105.83296203613281
7131,102.32576751708984
7132,93.15076446533203
7133,93.95909881591797
7134,111.12139892578125
7135,93.29505920410156
7136,110.85570526123047
7137,93.55253601074219
7141,93.57176208496094
7144,103.04203796386719
7147,110.73362731933594
7148,93.05108642578125
7150,92.61610412597656
7151,93.66075134277344
7152,102.97344207763672
7154,93.60677337646484
7156,93.70149993896484
7157,102.97708892822266
7159,115.10877227783203
7161,94.10429382324219
7163,93.15164947509766
7164,102.98265838623047
7167,78.7656021118164
7169,102.967529296875
7170,93.84561157226562
7173,93.15164947509766
7174,126.43394470214844
7177,110.9985580444336
7178,103.65782165527344
7179,93.14693450927734
7180,78.2493896484375
7181,110.7074203491211
7182,92.97651672363281
7184,93.15283966064453
7185,111.51583862304688
7186,92.63458251953125
7187,112.28437805175781
7188,93.52782440185547
7189,110.97480773925781
7191,102.88783264160156
7193,109.84415435791016
7197,93.64331817626953
7199,93.10086822509766
7200,110.5976791381836
7201,93.29505920410156
7204,92.99629974365234
7207,110.46829223632812
7209,110.64659881591797
7210,93.04103088378906
7211,102.65229797363281
7213,93.29995727539062
7214,111.03868103027344
7216,110.87834930419922
7217,92.99559020996094
7220,109.83145904541016
7224,109.77738952636719
7225,93.001953125
7226,110.87834930419922
7227,93.34678649902344
7234,111.51583862304688
7236,89.86885833740234
7239,103.11864471435547
7240,93.17330169677734
7242,113.58295440673828
7244,110.40972137451172
7245,92.22433471679688
7247,109.79661560058594
7248,92.34833526611328
7249,114.30377197265625
7250,110.71803283691406
7251,92.63180541992188
7252,110.9872055053711
7253,78.51981353759766
7256,93.20092010498047
7260,93.0352554321289
7261,110.73052215576172
7264,92.57418823242188
7269,110.5525894165039
7270,92.46719360351562
7273,109.74922180175781
7279,92.48524475097656
7281,111.02313232421875
7284,92.64295959472656
7285,110.83838653564453
7286,114.34847259521484
7287,92.43582916259766
7289,92.56092834472656
7292,92.96870422363281
7293,110.39808654785156
7296,92.51111602783203
7297,110.67904663085938
7298,92.53716278076172
7299,110.48638153076172
7301,101.67987823486328
7304,110.45533752441406
7306,115.64253997802734
7308,92.56092834472656
7309,101.70149993896484
7312,92.40860748291016
7313,78.51981353759766
7314,92.79441833496094
7316,92.59563446044922
7319,112.86007690429688
7321,92.75098419189453
7323,93.09285736083984
7324,101.69053649902344
7325,92.60111236572266
7328,102.15464782714844
7330,78.45220184326172
7334,92.74290466308594
7337,111.24250030517578
7338,93.20341491699219
7339,92.61238861083984
7341,92.42599487304688
7342,110.5464859008789
7344,110.54109191894531
7345,109.22028350830078
7347,109.40830993652344
7349,111.02313232421875
7350,93.87687683105469
7353,112.21249389648438
7355,110.64046478271484
7356,92.84210968017578
7357,112.18157958984375
7358,93.34688568115234
7360,92.2736587524414
7363,103.2088394165039
7364,93.45247650146484
7366,92.62797546386719
7368,93.18335723876953
7369,109.90978240966797
7370,92.86910247802734
7373,92.52333068847656
7374,110.91085052490234
7375,92.53971862792969
7377,93.16141510009766
7379,92.42816925048828
7380,115.58865356445312
7382,110.59825897216797
7383,92.51525115966797
7385,92.51940155029297
7386,102.81260681152344
7391,93.67660522460938
7394,115.66983795166016
7396,110.71803283691406
7397,93.6146469116211
7399,93.13459777832031
7400,102.35585021972656
7403,78.490966796875
7405,110.36238098144531
7408,110.91320037841797
7414,109.76213073730469
7416,102.56385040283203
7417,92.4498062133789
7419,92.50489044189453
7420,109.15202331542969
7421,93.17290496826172
7422,93.45247650146484
7423,103.25482940673828
7425,78.49195861816406
7430,92.4125747680664
7432,93.17290496826172
7433,93.3464126586914
7434,109.98831939697266
7436,109.77467346191406
7437,92.57540893554688
7438,103.03311157226562
7440,102.79109954833984
7441,92.51472473144531
7442,109.6269302368164
7445,110.60881042480469
7446,101.96627807617188
7448,110.46774291992188
7450,101.7718734741211
7451,92.47745513916016
7454,111.84707641601562
7455,92.98768615722656
7457,110.9592514038086
7459,101.94661712646484
7462,92.7384262084961
7464,92.47745513916016
7465,109.83895874023438
7466,92.49169158935547
7467,109.5571060180664
7469,110.55349731445312
7472,93.15445709228516
7473,109.55961608886719
7479,92.74290466308594
7480,102.35404205322266
7484,110.1728744506836
7491,92.52368927001953
7494,103.1677474975586
7495,92.52542877197266
7501,93.619873046875
7503,92.49101257324219
7504,102.43574523925781
7505,93.1735610961914
7508,110.41780853271484
7509,92.55693054199219
7510,78.51981353759766
7511,110.46906280517578
7515,93.76365661621094
7516,102.00345611572266
7517,93.27449035644531
7518,102.28517150878906
7519,92.5005111694336
7521,93.1912612915039
7522,102.7626724243164
7524,103.31184387207031
7526,102.2721939086914
7527,92.57438659667969
7528,101.72631072998047
7529,93.18186950683594
7534,110.88003540039062
7537,110.67317962646484
7538,92.67127990722656
7540,92.5081558227539
7541,110.5472183227539
7545,111.34054565429688
7551,111.01183319091797
7553,92.62873840332031
7554,102.56195068359375
7555,93.4829330444336
7561,110.40018463134766
7562,93.57241821289062
7564,92.55403137207031
7565,102.93119812011719
7566,93.0823974609375
7567,111.75545501708984
7569,101.63069915771484
7570,93.19525909423828
7571,110.56156921386719
7572,92.58738708496094
7574,102.79834747314453
7578,110.70568084716797
7579,93.07379150390625
7586,92.32467651367188
7587,78.82854461669922
7590,92.49884796142578
7593,109.55961608886719
7594,93.17312622070312
7595,93.0823974609375
7600,92.98429870605469
7601,79.17939758300781
7602,93.05316925048828
7603,110.4461441040039
7604,92.95906066894531
7606,92.8021011352539
7608,110.97527313232422
7613,78.51824188232422
7615,110.6604232788086
7616,109.76005554199219
7617,112.88755798339844
7618,92.57438659667969
7619,102.36509704589844
7622,93.22479248046875
7623,102.24423217773438
7624,93.17497253417969
7625,101.96051788330078
7626,92.62873840332031
7627,102.22337341308594
7628,78.48390197753906
7631,102.31578826904297
7632,102.60530090332031
7633,93.01148223876953
7634,116.10904693603516
7635,93.11640930175781
7636,110.8420639038086
7637,110.8420639038086
7639,92.96078491210938
7640,78.50714874267578
7644,110.40965270996094
7645,93.05057525634766
7648,101.7445068359375
7649,93.26683044433594
7650,110.50294494628906
7652,109.83895874023438
7653,92.74784851074219
7655,92.61841583251953
7659,110.33348083496094
7662,93.39025115966797
7664,93.12982177734375
7666,93.17301940917969
7668,93.35301971435547
7669,110.974609375
7670,92.50115966796875
7672,93.35616302490234
7673,110.51239013671875
7678,92.96792602539062
7679,78.52388763427734
7680,103.85957336425781
7683,92.80126190185547
7685,114.34847259521484
7688,92.51888275146484
7690,109.90350341796875
7692,92.5636978149414
7693,92.99626159667969
7695,111.24250030517578
7696,92.57239532470703
7698,92.527587890625
7699,111.12660217285156
7702,92.46141052246094
7703,110.68173217773438
7704,93.27449035644531
7707,110.46906280517578
7713,78.5287094116211
7715,103.14183044433594
7717,110.59789276123047
7718,92.9777603149414
7719,102.83264923095703
7721,111.72779846191406
7722,93.4018783569336
7725,101.93019104003906
7727,102.98533630371094
7730,78.9151611328125
7733,92.61133575439453
7735,101.74872589111328
7740,110.68173217773438
7741,110.24629211425781
7742,92.50287628173828
7744,110.25691223144531
7747,93.20047760009766
7750,78.51824188232422
7752,112.24108123779297
7754,111.52420043945312
7756,102.73955535888672
7757,93.1795425415039
7758,107.4825439453125
7760,103.89710998535156
7761,93.0112533569336
7763,109.75613403320312
7765,92.69541931152344
7767,110.8420639038086
7768,92.51886749267578
7771,93.026611328125
7773,92.1363296508789
7774,113.58177185058594
7776,103.4962158203125
7779,92.287353515625
7783,92.49966430664062
7786,121.02818298339844
7787,92.4837417602539
7789,92.67070770263672
7791,93.18186950683594
7793,92.28471374511719
7794,110.60052490234375
7795,92.53474426269531
7799,78.56609344482422
7800,113.3631591796875
7802,93.27188110351562
7805,111.602783203125
7807,101.608154296875
7808,93.1912612915039
7811,102.5309829711914
7817,109.76005554199219
7818,102.37211608886719
7819,92.42996215820312
7822,92.99354553222656
7823,110.43830871582031
7825,109.94258117675781
7828,92.58332824707031
7832,93.0352554321289
7833,78.4841537475586
7834,110.77229309082031
7835,92.58550262451172
7837,93.14579010009766
7840,93.19580078125
7842,92.71186828613281
7843,110.11515045166016
7844,92.50726318359375
7846,93.0112533569336
7850,92.53108978271484
7853,110.7265853881836
7855,111.43909454345703
7858,93.1748046875
7863,110.44023895263672
7865,110.40965270996094
7866,92.47779083251953
7868,92.88272094726562
7869,111.16901397705078
7871,78.4841537475586
7872,102.6867904663086
7874,102.87801361083984
7877,111.08877563476562
7878,93.05057525634766
7879,110.42571258544922
7881,93.39320373535156
7883,92.53744506835938
7885,101.8451156616211
7886,92.62873840332031
7889,93.10104370117188
7890,102.72962951660156
7891,92.99592590332031
7893,92.39952087402344
7894,102.2283935546875
7896,110.50294494628906
7898,102.85200500488281
7901,93.20047760009766
7902,109.40830993652344
7904,113.9659423828125
7905,92.50505828857422
7906,115.84619903564453
7909,92.51343536376953
7910,102.25359344482422
7913,92.64441680908203
7918,110.3968734741211
7919,92.70723724365234
7923,92.46841430664062
7925,93.0112533569336
7927,92.7121810913086
7930,92.66392517089844
7932,93.16524505615234
7933,92.3079833984375
7935,92.71928405761719
7939,103.00475311279297
7942,93.54875183105469
7943,111.21699523925781
7945,102.93048858642578
7946,93.18335723876953
7948,93.16780090332031
7949,109.55961608886719
7950,92.42599487304688
7951,110.8420639038086
7955,102.767333984375
7959,93.45247650146484
7960,110.68173217773438
7961,94.6133804321289
7962,102.43461608886719
7964,102.49028015136719
7965,93.22112274169922
7966,110.40965270996094
7967,104.49347686767578
7968,93.26689910888672
7971,103.16824340820312
7974,92.70723724365234
7976,109.50082397460938
7978,110.60235595703125
7982,110.68173217773438
7983,92.50872039794922
7984,102.30372619628906
7986,92.73645782470703
7989,109.55961608886719
7991,109.40830993652344
7992,110.1696548461914
7993,93.3497085571289
7994,110.3475341796875
7995,93.0352554321289
7997,92.32564544677734
7998,102.30372619628906
7999,109.76005554199219
8002,92.4289779663086
8007,93.2115478515625
8009,92.71534729003906
8011,93.12248229980469
8013,95.66045379638672
8015,102.26232147216797
8017,110.55781555175781
8019,114.34847259521484
8023,92.52135467529297
8024,110.56343841552734
8026,110.79803466796875
8027,92.18062591552734
8029,92.55973052978516
8030,110.84149932861328
8031,93.11241149902344
8033,92.90079498291016
8035,92.47079467773438
8036,102.80982208251953
8039,110.21011352539062
8042,92.73514556884766
8044,92.74784851074219
8046,78.10093688964844
8048,111.4211196899414
8049,92.50505828857422
8050,101.74968719482422
8053,92.6290512084961
8054,92.62454986572266
8059,93.05014038085938
8061,92.68251037597656
8062,109.50057983398438
8064,109.833251953125
8066,103.36739349365234
8067,93.13707733154297
8068,92.36127471923828
8070,92.84734344482422
8071,110.75807189941406
8072,93.38766479492188
8076,92.70195770263672
8080,92.10542297363281
8081,111.43329620361328
8084,103.52156829833984
8087,110.4502944946289
8089,92.17081451416016
8090,115.5675277709961
8091,102.39247131347656
8094,110.61113739013672
8100,92.322998046875
8101,93.15650939941406
8110,92.50682067871094
8111,109.40830993652344
8112,93.82262420654297
8115,111.37296295166016
8116,92.72946166992188
8118,109.833251953125
8121,114.2212142944336
8125,110.7677001953125
8127,110.9319076538086
8128,93.33367156982422
8129,109.40830993652344
8131,92.70755767822266
8138,92.51412963867188
8139,101.65709686279297
8140,93.05014038085938
8141,92.1363296508789
8142,114.57498168945312
8143,110.2607192993164
8145,110.79803466796875
8146,92.13931274414062
8148,110.19954681396484
8153,110.36170196533203
8154,92.10975646972656
8155,116.50911712646484
8161,92.39165496826172
8162,110.70088195800781
8163,92.55693054199219
8166,111.90515899658203
8168,112.10982513427734
8170,94.6722412109375
8172,110.62464141845703
8173,94.3643569946289
8176,102.24552154541016
8179,94.08811950683594
8181,94.82205200195312
8182,115.73904418945312
8184,112.26971435546875
8190,104.4463119506836
8191,94.94725036621094
8194,111.97318267822266
8196,120.01130676269531
8198,112.290283203125
8199,111.52139282226562
8201,113.89849090576172
8202,94.89978790283203
8207,94.94135284423828
8208,110.91974639892578
8211,112.67135620117188
8214,111.24046325683594
8217,94.32987213134766
8218,111.85708618164062
8222,94.28892517089844
8229,120.27974700927734
8231,94.73265075683594
8233,95.01834106445312
8236,94.71711730957031
8238,115.07174682617188
8240,103.54647827148438
8243,104.58253479003906
8246,111.70480346679688
8250,95.4620590209961
8254,95.2876968383789
8256,79.21652221679688
8257,112.3023681640625
8258,94.08901977539062
8260,94.29815673828125
8261,112.88629150390625
8263,113.0406494140625
8264,94.38032531738281
8267,112.78598022460938
8268,93.95458984375
8271,94.643798828125
8272,110.91974639892578
8275,95.00889587402344
8276,94.96049499511719
8277,122.4476318359375
8278,114.7064208984375
8279,93.54059600830078
8280,112.2061767578125
8281,95.54643249511719
8282,112.30481719970703
8287,113.74765014648438
8288,94.46983337402344
8289,115.51876068115234
8294,93.81900787353516
8296,93.37001037597656
8299,112.48858642578125
8302,103.78379821777344
8308,112.2151107788086
8314,103.70417785644531
8315,94.97600555419922
8316,111.63772583007812
8317,94.99964904785156
8319,112.69158172607422
8320,94.6236572265625
8321,115.89468383789062
8323,94.55355072021484
8325,94.06673431396484
8326,111.40055084228516
8328,110.91974639892578
8330,111.75790405273438
8331,93.84512329101562
8332,112.67112731933594
8334,94.92540740966797
8338,94.68614196777344
8339,95.53237915039062
8341,93.1943588256836
8345,111.17182922363281
8346,94.95494842529297
8347,103.71513366699219
8349,95.38357543945312
8351,94.04380798339844
8352,112.19515991210938
8353,110.91974639892578
8355,112.45572662353516
8358,111.57139587402344
8359,112.37728118896484
8360,94.73719787597656
8361,111.36782836914062
8363,103.48873901367188
8364,94.29061126708984
8365,95.21041107177734
8366,103.777099609375
8370,113.55474090576172
8372,94.05167388916016
8376,94.98287963867188
8377,112.42072296142578
8379,111.70765686035156
8380,94.25373840332031
8381,113.47782897949219
8386,93.7982406616211
8388,103.2514877319336
8389,94.28876495361328
8391,112.98725891113281
8394,95.2876968383789
8396,103.77781677246094
8398,105.08264923095703
8400,113.90290832519531
8401,94.17900085449219
8404,93.1943588256836
8407,95.0965576171875
8408,113.2259750366211
8409,111.0665054321289
8410,104.23934936523438
8411,94.98130798339844
8413,94.7302474975586
8414,111.00668334960938
8416,94.90425872802734
